2024-12-30 15:11:47.6250 | INFO | Microsoft.AspNetCore.DataProtection.KeyManagement.XmlKeyManager | User profile is available. Using 'C:\Users\NHAN\AppData\Local\ASP.NET\DataProtection-Keys' as key repository and Windows DPAPI to encrypt keys at rest. 
2024-12-30 15:11:47.6712 | INFO | Microsoft.Hosting.Lifetime | Application started. Press Ctrl+C to shut down. 
2024-12-30 15:11:47.6712 | INFO | Microsoft.Hosting.Lifetime | Hosting environment: Development 
2024-12-30 15:11:47.6712 | INFO | Microsoft.Hosting.Lifetime | Content root path: D:\HocTap\N4\TTCN\Git\admin_sweetsoft_tech_support 
2024-12-30 15:11:47.6712 | INFO | Microsoft.AspNetCore.Hosting.Diagnostics | Request starting HTTP/2 GET https://localhost:44351/bao-cao - - - 
2024-12-30 15:11:48.4380 | INFO | Microsoft.EntityFrameworkCore.Database.Command | Executed DbCommand (23ms) [Parameters=[@__userId_0='?' (DbType = Int32)], CommandType='Text', CommandTimeout='30']
SELECT TOP(1) [t].[session_id], [t].[created_at], [t].[expires_at], [t].[session_token], [t].[user_id]
FROM [TblSessions] AS [t]
WHERE [t].[user_id] = @__userId_0 AND [t].[expires_at] > GETDATE() 
2024-12-30 15:11:48.4701 | INFO | Microsoft.AspNetCore.Routing.EndpointMiddleware | Executing endpoint 'admin_sweetsoft_tech_support.Controllers.ReportController.Index1 (admin_sweetsoft_tech_support)' 
2024-12-30 15:11:48.4869 | INFO | Microsoft.AspNetCore.Mvc.Infrastructure.ControllerActionInvoker | Route matched with {action = "Index1", controller = "Report"}. Executing controller action with signature System.Threading.Tasks.Task`1[Microsoft.AspNetCore.Mvc.IActionResult] Index1(report.Models.ReportFilterModel) on controller admin_sweetsoft_tech_support.Controllers.ReportController (admin_sweetsoft_tech_support). 
2024-12-30 15:11:48.5871 | INFO | Microsoft.EntityFrameworkCore.Database.Command | Executed DbCommand (16ms) [Parameters=[], CommandType='Text', CommandTimeout='30']
SELECT [t0].[c], [t0].[c0], [t0].[c1], [t0].[customer_id], [t3].[request_id], [t3].[request_details], CASE
    WHEN [t3].[status] = CAST(1 AS smallint) THEN N'Pending'
    WHEN [t3].[status] = CAST(2 AS smallint) THEN N'Processing'
    WHEN [t3].[status] = CAST(3 AS smallint) THEN N'Completed'
    WHEN [t3].[status] = CAST(4 AS smallint) THEN N'Cannot be Resolved'
    ELSE N'Unknown'
END, [t3].[created_at]
FROM (
    SELECT COALESCE([t].[customer_id], 0) AS [c], (
        SELECT TOP(1) [t2].[full_name]
        FROM [TblSupport_Requests] AS [t1]
        LEFT JOIN [TblCustomers] AS [t2] ON [t1].[customer_id] = [t2].[customer_id]
        WHERE [t].[customer_id] = [t1].[customer_id] OR ([t].[customer_id] IS NULL AND [t1].[customer_id] IS NULL)) AS [c0], COUNT(*) AS [c1], [t].[customer_id]
    FROM [TblSupport_Requests] AS [t]
    GROUP BY [t].[customer_id]
) AS [t0]
LEFT JOIN [TblSupport_Requests] AS [t3] ON [t0].[customer_id] = [t3].[customer_id]
ORDER BY [t0].[customer_id] 
2024-12-30 15:11:48.5937 | INFO | Microsoft.AspNetCore.Mvc.ViewFeatures.ViewResultExecutor | Executing ViewResult, running view Index1. 
2024-12-30 15:11:48.6563 | INFO | Microsoft.EntityFrameworkCore.Database.Command | Executed DbCommand (2ms) [Parameters=[@__Parse_0='?' (DbType = Int32)], CommandType='Text', CommandTimeout='30']
SELECT [t].[notification_id], [t].[created_at], [t].[message], [t].[status], [t].[user_id]
FROM [TblNotifications] AS [t]
WHERE [t].[user_id] = @__Parse_0 
2024-12-30 15:11:48.7027 | INFO | Microsoft.EntityFrameworkCore.Database.Command | Executed DbCommand (2ms) [Parameters=[@__Parse_0='?' (DbType = Int32)], CommandType='Text', CommandTimeout='30']
SELECT COUNT(*)
FROM [TblNotifications] AS [t]
WHERE [t].[user_id] = @__Parse_0 AND [t].[status] = CAST(0 AS smallint) 
2024-12-30 15:11:48.7217 | INFO | Microsoft.AspNetCore.Mvc.ViewFeatures.ViewResultExecutor | Executed ViewResult - view Index1 executed in 129.6676ms. 
2024-12-30 15:11:48.7217 | INFO | Microsoft.AspNetCore.Mvc.Infrastructure.ControllerActionInvoker | Executed action admin_sweetsoft_tech_support.Controllers.ReportController.Index1 (admin_sweetsoft_tech_support) in 234.2711ms 
2024-12-30 15:11:48.7217 | INFO | Microsoft.AspNetCore.Routing.EndpointMiddleware | Executed endpoint 'admin_sweetsoft_tech_support.Controllers.ReportController.Index1 (admin_sweetsoft_tech_support)' 
2024-12-30 15:11:48.7217 | INFO | Microsoft.AspNetCore.Hosting.Diagnostics | Request finished HTTP/2 GET https://localhost:44351/bao-cao - 200 - text/html;+charset=utf-8 1047.6823ms 
2024-12-30 15:11:48.7357 | INFO | Microsoft.AspNetCore.Hosting.Diagnostics | Request starting HTTP/2 GET https://localhost:44351/_framework/aspnetcore-browser-refresh.js - - - 
2024-12-30 15:11:48.7357 | INFO | Microsoft.AspNetCore.Hosting.Diagnostics | Request finished HTTP/2 GET https://localhost:44351/_framework/aspnetcore-browser-refresh.js - 200 13792 application/javascript;+charset=utf-8 1.9128ms 
2024-12-30 15:11:48.7357 | INFO | Microsoft.AspNetCore.Hosting.Diagnostics | Request starting HTTP/2 GET https://localhost:44351/assets/js/scripts.js - - - 
2024-12-30 15:11:48.7357 | INFO | Microsoft.AspNetCore.Hosting.Diagnostics | Request starting HTTP/2 GET https://localhost:44351/_vs/browserLink - - - 
2024-12-30 15:11:48.7532 | INFO | Microsoft.EntityFrameworkCore.Database.Command | Executed DbCommand (1ms) [Parameters=[@__userId_0='?' (DbType = Int32)], CommandType='Text', CommandTimeout='30']
SELECT TOP(1) [t].[session_id], [t].[created_at], [t].[expires_at], [t].[session_token], [t].[user_id]
FROM [TblSessions] AS [t]
WHERE [t].[user_id] = @__userId_0 AND [t].[expires_at] > GETDATE() 
2024-12-30 15:11:48.7532 | INFO | Microsoft.AspNetCore.Hosting.Diagnostics | Request finished HTTP/2 GET https://localhost:44351/assets/js/scripts.js - 404 - - 19.1727ms 
2024-12-30 15:11:48.7532 | INFO | Microsoft.AspNetCore.Hosting.Diagnostics | Request reached the end of the middleware pipeline without being handled by application code. Request path: GET https://localhost:44351/assets/js/scripts.js, Response status code: 404 
2024-12-30 15:11:48.7532 | INFO | Microsoft.AspNetCore.Hosting.Diagnostics | Request finished HTTP/2 GET https://localhost:44351/_vs/browserLink - 200 - text/javascript;+charset=UTF-8 21.1245ms 
2024-12-30 15:11:48.7853 | INFO | Microsoft.AspNetCore.Hosting.Diagnostics | Request starting HTTP/2 GET https://localhost:44351/api/requests/status-summary?startDate=2024-01-01&endDate=2024-12-31 - - - 
2024-12-30 15:11:48.7853 | INFO | Microsoft.AspNetCore.Hosting.Diagnostics | Request starting HTTP/2 GET https://localhost:44351/api/requests/department-summary?startDate=2024-01-01&endDate=2024-12-31 - - - 
2024-12-30 15:11:48.7955 | INFO | Microsoft.AspNetCore.Hosting.Diagnostics | Request starting HTTP/2 GET https://localhost:44351/api/requests/monthly?startDate=2024-01-01&endDate=2024-12-31 - - - 
2024-12-30 15:11:48.8270 | INFO | Microsoft.EntityFrameworkCore.Database.Command | Executed DbCommand (1ms) [Parameters=[@__userId_0='?' (DbType = Int32)], CommandType='Text', CommandTimeout='30']
SELECT TOP(1) [t].[session_id], [t].[created_at], [t].[expires_at], [t].[session_token], [t].[user_id]
FROM [TblSessions] AS [t]
WHERE [t].[user_id] = @__userId_0 AND [t].[expires_at] > GETDATE() 
2024-12-30 15:11:48.8270 | INFO | Microsoft.AspNetCore.Routing.EndpointMiddleware | Executing endpoint 'admin_sweetsoft_tech_support.Controllers.ReportController.GetStatusRequest (admin_sweetsoft_tech_support)' 
2024-12-30 15:11:48.8270 | INFO | Microsoft.AspNetCore.Mvc.Infrastructure.ControllerActionInvoker | Route matched with {action = "GetStatusRequest", controller = "Report"}. Executing controller action with signature System.Threading.Tasks.Task`1[Microsoft.AspNetCore.Mvc.IActionResult] GetStatusRequest(System.Nullable`1[System.DateTime], System.Nullable`1[System.DateTime]) on controller admin_sweetsoft_tech_support.Controllers.ReportController (admin_sweetsoft_tech_support). 
2024-12-30 15:11:48.8270 | INFO | Microsoft.EntityFrameworkCore.Database.Command | Executed DbCommand (0ms) [Parameters=[@__userId_0='?' (DbType = Int32)], CommandType='Text', CommandTimeout='30']
SELECT TOP(1) [t].[session_id], [t].[created_at], [t].[expires_at], [t].[session_token], [t].[user_id]
FROM [TblSessions] AS [t]
WHERE [t].[user_id] = @__userId_0 AND [t].[expires_at] > GETDATE() 
2024-12-30 15:11:48.8270 | INFO | Microsoft.AspNetCore.Routing.EndpointMiddleware | Executing endpoint 'admin_sweetsoft_tech_support.Controllers.ReportController.GetDepartmentRequest (admin_sweetsoft_tech_support)' 
2024-12-30 15:11:48.8270 | INFO | Microsoft.AspNetCore.Mvc.Infrastructure.ControllerActionInvoker | Route matched with {action = "GetDepartmentRequest", controller = "Report"}. Executing controller action with signature System.Threading.Tasks.Task`1[Microsoft.AspNetCore.Mvc.IActionResult] GetDepartmentRequest(System.Nullable`1[System.DateTime], System.Nullable`1[System.DateTime]) on controller admin_sweetsoft_tech_support.Controllers.ReportController (admin_sweetsoft_tech_support). 
2024-12-30 15:11:48.8270 | INFO | Microsoft.EntityFrameworkCore.Database.Command | Executed DbCommand (3ms) [Parameters=[@__userId_0='?' (DbType = Int32)], CommandType='Text', CommandTimeout='30']
SELECT TOP(1) [t].[session_id], [t].[created_at], [t].[expires_at], [t].[session_token], [t].[user_id]
FROM [TblSessions] AS [t]
WHERE [t].[user_id] = @__userId_0 AND [t].[expires_at] > GETDATE() 
2024-12-30 15:11:48.8270 | INFO | Microsoft.AspNetCore.Routing.EndpointMiddleware | Executing endpoint 'admin_sweetsoft_tech_support.Controllers.ReportController.GetMonthlyRequestSummary (admin_sweetsoft_tech_support)' 
2024-12-30 15:11:48.8270 | INFO | Microsoft.AspNetCore.Mvc.Infrastructure.ControllerActionInvoker | Route matched with {action = "GetMonthlyRequestSummary", controller = "Report"}. Executing controller action with signature System.Threading.Tasks.Task`1[Microsoft.AspNetCore.Mvc.IActionResult] GetMonthlyRequestSummary(System.Nullable`1[System.DateTime], System.Nullable`1[System.DateTime]) on controller admin_sweetsoft_tech_support.Controllers.ReportController (admin_sweetsoft_tech_support). 
2024-12-30 15:11:48.8419 | INFO | Microsoft.EntityFrameworkCore.Database.Command | Executed DbCommand (3ms) [Parameters=[@__startDate_Value_0='?' (DbType = DateTime), @__endDate_Value_1='?' (DbType = DateTime)], CommandType='Text', CommandTimeout='30']
SELECT [t].[status] AS [Status], COUNT(*) AS [Count]
FROM [TblSupport_Requests] AS [t]
WHERE [t].[created_at] >= @__startDate_Value_0 AND [t].[created_at] <= @__endDate_Value_1
GROUP BY [t].[status] 
2024-12-30 15:11:48.8419 | INFO | Microsoft.AspNetCore.Mvc.Infrastructure.ObjectResultExecutor | Executing OkObjectResult, writing value of type '<>f__AnonymousType12`1[[System.Collections.Generic.List`1[[<>f__AnonymousType11`2[[System.Int16, System.Private.CoreLib, Version=8.0.0.0, Culture=neutral, PublicKeyToken=7cec85d7bea7798e],[System.Int32, System.Private.CoreLib, Version=8.0.0.0, Culture=neutral, PublicKeyToken=7cec85d7bea7798e]], admin_sweetsoft_tech_support, Version=1.0.0.0, Culture=neutral, PublicKeyToken=null]], System.Private.CoreLib, Version=8.0.0.0, Culture=neutral, PublicKeyToken=7cec85d7bea7798e]]'. 
2024-12-30 15:11:48.8419 | INFO | Microsoft.EntityFrameworkCore.Database.Command | Executed DbCommand (5ms) [Parameters=[@__startDate_0='?' (DbType = DateTime), @__endDate_1='?' (DbType = DateTime)], CommandType='Text', CommandTimeout='30']
SELECT [t].[department_id] AS [DepartmentId], (
    SELECT TOP(1) [t1].[department_name]
    FROM [TblSupport_Requests] AS [t0]
    LEFT JOIN [TblDepartments] AS [t1] ON [t0].[department_id] = [t1].[department_id]
    WHERE [t0].[created_at] >= @__startDate_0 AND [t0].[created_at] <= @__endDate_1 AND ([t].[department_id] = [t0].[department_id] OR ([t].[department_id] IS NULL AND [t0].[department_id] IS NULL))) AS [DepartmentName], COUNT(*) AS [Count]
FROM [TblSupport_Requests] AS [t]
WHERE [t].[created_at] >= @__startDate_0 AND [t].[created_at] <= @__endDate_1
GROUP BY [t].[department_id] 
2024-12-30 15:11:48.8419 | INFO | Microsoft.EntityFrameworkCore.Database.Command | Executed DbCommand (3ms) [Parameters=[@__startDate_0='?' (DbType = DateTime), @__endDate_1='?' (DbType = DateTime)], CommandType='Text', CommandTimeout='30']
SELECT [t0].[Year], [t0].[Month], COUNT(*) AS [Count]
FROM (
    SELECT DATEPART(year, [t].[created_at]) AS [Year], DATEPART(month, [t].[created_at]) AS [Month]
    FROM [TblSupport_Requests] AS [t]
    WHERE [t].[created_at] >= @__startDate_0 AND [t].[created_at] <= @__endDate_1
) AS [t0]
GROUP BY [t0].[Year], [t0].[Month] 
2024-12-30 15:11:48.8419 | INFO | Microsoft.AspNetCore.Mvc.Infrastructure.ObjectResultExecutor | Executing OkObjectResult, writing value of type '<>f__AnonymousType15`1[[System.Collections.Generic.List`1[[<>f__AnonymousType14`4[[System.Nullable`1[[System.Int32, System.Private.CoreLib, Version=8.0.0.0, Culture=neutral, PublicKeyToken=7cec85d7bea7798e]], System.Private.CoreLib, Version=8.0.0.0, Culture=neutral, PublicKeyToken=7cec85d7bea7798e],[System.String, System.Private.CoreLib, Version=8.0.0.0, Culture=neutral, PublicKeyToken=7cec85d7bea7798e],[System.Int32, System.Private.CoreLib, Version=8.0.0.0, Culture=neutral, PublicKeyToken=7cec85d7bea7798e],[System.Double, System.Private.CoreLib, Version=8.0.0.0, Culture=neutral, PublicKeyToken=7cec85d7bea7798e]], admin_sweetsoft_tech_support, Version=1.0.0.0, Culture=neutral, PublicKeyToken=null]], System.Private.CoreLib, Version=8.0.0.0, Culture=neutral, PublicKeyToken=7cec85d7bea7798e]]'. 
2024-12-30 15:11:48.8419 | INFO | Microsoft.AspNetCore.Mvc.Infrastructure.ObjectResultExecutor | Executing OkObjectResult, writing value of type '<>f__AnonymousType10`1[[System.Collections.Generic.List`1[[<>f__AnonymousType9`3[[System.Int32, System.Private.CoreLib, Version=8.0.0.0, Culture=neutral, PublicKeyToken=7cec85d7bea7798e],[System.Int32, System.Private.CoreLib, Version=8.0.0.0, Culture=neutral, PublicKeyToken=7cec85d7bea7798e],[System.Int32, System.Private.CoreLib, Version=8.0.0.0, Culture=neutral, PublicKeyToken=7cec85d7bea7798e]], admin_sweetsoft_tech_support, Version=1.0.0.0, Culture=neutral, PublicKeyToken=null]], System.Private.CoreLib, Version=8.0.0.0, Culture=neutral, PublicKeyToken=7cec85d7bea7798e]]'. 
2024-12-30 15:11:48.8419 | INFO | Microsoft.AspNetCore.Mvc.Infrastructure.ControllerActionInvoker | Executed action admin_sweetsoft_tech_support.Controllers.ReportController.GetMonthlyRequestSummary (admin_sweetsoft_tech_support) in 17.5895ms 
2024-12-30 15:11:48.8419 | INFO | Microsoft.AspNetCore.Routing.EndpointMiddleware | Executed endpoint 'admin_sweetsoft_tech_support.Controllers.ReportController.GetMonthlyRequestSummary (admin_sweetsoft_tech_support)' 
2024-12-30 15:11:48.8419 | INFO | Microsoft.AspNetCore.Hosting.Diagnostics | Request finished HTTP/2 GET https://localhost:44351/api/requests/monthly?startDate=2024-01-01&endDate=2024-12-31 - 200 - application/json;+charset=utf-8 60.7112ms 
2024-12-30 15:11:48.8419 | INFO | Microsoft.AspNetCore.Mvc.Infrastructure.ControllerActionInvoker | Executed action admin_sweetsoft_tech_support.Controllers.ReportController.GetStatusRequest (admin_sweetsoft_tech_support) in 24.7009ms 
2024-12-30 15:11:48.8419 | INFO | Microsoft.AspNetCore.Routing.EndpointMiddleware | Executed endpoint 'admin_sweetsoft_tech_support.Controllers.ReportController.GetStatusRequest (admin_sweetsoft_tech_support)' 
2024-12-30 15:11:48.8419 | INFO | Microsoft.AspNetCore.Hosting.Diagnostics | Request finished HTTP/2 GET https://localhost:44351/api/requests/status-summary?startDate=2024-01-01&endDate=2024-12-31 - 200 - application/json;+charset=utf-8 71.9730ms 
2024-12-30 15:11:48.8614 | INFO | Microsoft.AspNetCore.Mvc.Infrastructure.ControllerActionInvoker | Executed action admin_sweetsoft_tech_support.Controllers.ReportController.GetDepartmentRequest (admin_sweetsoft_tech_support) in 26.3959ms 
2024-12-30 15:11:48.8614 | INFO | Microsoft.AspNetCore.Routing.EndpointMiddleware | Executed endpoint 'admin_sweetsoft_tech_support.Controllers.ReportController.GetDepartmentRequest (admin_sweetsoft_tech_support)' 
2024-12-30 15:11:48.8614 | INFO | Microsoft.AspNetCore.Hosting.Diagnostics | Request finished HTTP/2 GET https://localhost:44351/api/requests/department-summary?startDate=2024-01-01&endDate=2024-12-31 - 200 - application/json;+charset=utf-8 76.3782ms 
2024-12-30 15:11:52.4740 | INFO | Microsoft.AspNetCore.Hosting.Diagnostics | Request starting HTTP/2 GET https://localhost:44351/Admin/Logout - - - 
2024-12-30 15:11:52.4857 | INFO | Microsoft.EntityFrameworkCore.Database.Command | Executed DbCommand (5ms) [Parameters=[@__userId_0='?' (DbType = Int32)], CommandType='Text', CommandTimeout='30']
SELECT TOP(1) [t].[session_id], [t].[created_at], [t].[expires_at], [t].[session_token], [t].[user_id]
FROM [TblSessions] AS [t]
WHERE [t].[user_id] = @__userId_0 AND [t].[expires_at] > GETDATE() 
2024-12-30 15:11:52.4857 | INFO | Microsoft.AspNetCore.Routing.EndpointMiddleware | Executing endpoint 'admin_sweetsoft_tech_support.Controllers.AdminController.Logout (admin_sweetsoft_tech_support)' 
2024-12-30 15:11:52.4857 | INFO | Microsoft.AspNetCore.Mvc.Infrastructure.ControllerActionInvoker | Route matched with {action = "Logout", controller = "Admin"}. Executing controller action with signature System.Threading.Tasks.Task`1[Microsoft.AspNetCore.Mvc.IActionResult] Logout() on controller admin_sweetsoft_tech_support.Controllers.AdminController (admin_sweetsoft_tech_support). 
2024-12-30 15:11:52.4857 | INFO | admin_sweetsoft_tech_support.Controllers.AdminController | User Nguyễn Văn An (ID: 1) logged out at 12/30/2024 15:11:52. 
2024-12-30 15:11:52.4857 | INFO | Microsoft.AspNetCore.Authentication.Cookies.CookieAuthenticationHandler | AuthenticationScheme: Cookies signed out. 
2024-12-30 15:11:52.4857 | INFO | Microsoft.AspNetCore.Mvc.RedirectToActionResult | Executing RedirectResult, redirecting to /dang-nhap. 
2024-12-30 15:11:52.4857 | INFO | Microsoft.AspNetCore.Mvc.Infrastructure.ControllerActionInvoker | Executed action admin_sweetsoft_tech_support.Controllers.AdminController.Logout (admin_sweetsoft_tech_support) in 3.8967ms 
2024-12-30 15:11:52.4857 | INFO | Microsoft.AspNetCore.Routing.EndpointMiddleware | Executed endpoint 'admin_sweetsoft_tech_support.Controllers.AdminController.Logout (admin_sweetsoft_tech_support)' 
2024-12-30 15:11:52.4857 | INFO | Microsoft.AspNetCore.Hosting.Diagnostics | Request finished HTTP/2 GET https://localhost:44351/Admin/Logout - 302 - - 20.4791ms 
2024-12-30 15:11:52.4857 | INFO | Microsoft.AspNetCore.Hosting.Diagnostics | Request starting HTTP/2 GET https://localhost:44351/dang-nhap - - - 
2024-12-30 15:11:52.4980 | INFO | Microsoft.AspNetCore.Routing.EndpointMiddleware | Executing endpoint 'admin_sweetsoft_tech_support.Controllers.AdminController.Login (admin_sweetsoft_tech_support)' 
2024-12-30 15:11:52.4980 | INFO | Microsoft.AspNetCore.Mvc.Infrastructure.ControllerActionInvoker | Route matched with {action = "Login", controller = "Admin"}. Executing controller action with signature Microsoft.AspNetCore.Mvc.IActionResult Login() on controller admin_sweetsoft_tech_support.Controllers.AdminController (admin_sweetsoft_tech_support). 
2024-12-30 15:11:52.4980 | INFO | Microsoft.AspNetCore.Mvc.ViewFeatures.ViewResultExecutor | Executing ViewResult, running view Login. 
2024-12-30 15:11:52.4980 | INFO | Microsoft.AspNetCore.Mvc.ViewFeatures.ViewResultExecutor | Executed ViewResult - view Login executed in 7.2805ms. 
2024-12-30 15:11:52.4980 | INFO | Microsoft.AspNetCore.Mvc.Infrastructure.ControllerActionInvoker | Executed action admin_sweetsoft_tech_support.Controllers.AdminController.Login (admin_sweetsoft_tech_support) in 10.6394ms 
2024-12-30 15:11:52.4980 | INFO | Microsoft.AspNetCore.Routing.EndpointMiddleware | Executed endpoint 'admin_sweetsoft_tech_support.Controllers.AdminController.Login (admin_sweetsoft_tech_support)' 
2024-12-30 15:11:52.4980 | WARN | Microsoft.WebTools.BrowserLink.Net.BrowserLinkMiddleware | Unable to configure Browser Link script injection on the response.  
2024-12-30 15:11:52.4980 | WARN | Microsoft.AspNetCore.Watch.BrowserRefresh.BrowserRefreshMiddleware | Unable to configure browser refresh script injection on the response. Consider manually adding '<script src="/_framework/aspnetcore-browser-refresh.js"></script>' to the body of the page. 
2024-12-30 15:11:52.4980 | INFO | Microsoft.AspNetCore.Hosting.Diagnostics | Request finished HTTP/2 GET https://localhost:44351/dang-nhap - 200 - text/html;+charset=utf-8 14.2327ms 
2024-12-30 15:12:10.7208 | INFO | Microsoft.AspNetCore.Hosting.Diagnostics | Request starting HTTP/2 GET https://localhost:44351/ - - - 
2024-12-30 15:12:10.7208 | INFO | Microsoft.AspNetCore.Routing.EndpointMiddleware | Executing endpoint 'admin_sweetsoft_tech_support.Controllers.AdminController.Login (admin_sweetsoft_tech_support)' 
2024-12-30 15:12:10.7208 | INFO | Microsoft.AspNetCore.Mvc.Infrastructure.ControllerActionInvoker | Route matched with {action = "Login", controller = "Admin"}. Executing controller action with signature Microsoft.AspNetCore.Mvc.IActionResult Login() on controller admin_sweetsoft_tech_support.Controllers.AdminController (admin_sweetsoft_tech_support). 
2024-12-30 15:12:10.7208 | INFO | Microsoft.AspNetCore.Mvc.ViewFeatures.ViewResultExecutor | Executing ViewResult, running view Login. 
2024-12-30 15:12:10.7208 | INFO | Microsoft.AspNetCore.Mvc.ViewFeatures.ViewResultExecutor | Executed ViewResult - view Login executed in 1.7583ms. 
2024-12-30 15:12:10.7208 | INFO | Microsoft.AspNetCore.Mvc.Infrastructure.ControllerActionInvoker | Executed action admin_sweetsoft_tech_support.Controllers.AdminController.Login (admin_sweetsoft_tech_support) in 2.5324ms 
2024-12-30 15:12:10.7208 | INFO | Microsoft.AspNetCore.Routing.EndpointMiddleware | Executed endpoint 'admin_sweetsoft_tech_support.Controllers.AdminController.Login (admin_sweetsoft_tech_support)' 
2024-12-30 15:12:10.7208 | WARN | Microsoft.WebTools.BrowserLink.Net.BrowserLinkMiddleware | Unable to configure Browser Link script injection on the response.  
2024-12-30 15:12:10.7208 | WARN | Microsoft.AspNetCore.Watch.BrowserRefresh.BrowserRefreshMiddleware | Unable to configure browser refresh script injection on the response. Consider manually adding '<script src="/_framework/aspnetcore-browser-refresh.js"></script>' to the body of the page. 
2024-12-30 15:12:10.7208 | INFO | Microsoft.AspNetCore.Hosting.Diagnostics | Request finished HTTP/2 GET https://localhost:44351/ - 200 - text/html;+charset=utf-8 7.0800ms 
2024-12-30 15:12:22.0761 | INFO | Microsoft.AspNetCore.Hosting.Diagnostics | Request starting HTTP/2 POST https://localhost:44351/ - application/x-www-form-urlencoded 2309 
2024-12-30 15:12:22.0783 | INFO | Microsoft.AspNetCore.Routing.EndpointMiddleware | Executing endpoint 'admin_sweetsoft_tech_support.Controllers.AdminController.Login (admin_sweetsoft_tech_support)' 
2024-12-30 15:12:22.0783 | INFO | Microsoft.AspNetCore.Mvc.Infrastructure.ControllerActionInvoker | Route matched with {action = "Login", controller = "Admin"}. Executing controller action with signature System.Threading.Tasks.Task`1[Microsoft.AspNetCore.Mvc.IActionResult] Login(System.String, System.String) on controller admin_sweetsoft_tech_support.Controllers.AdminController (admin_sweetsoft_tech_support). 
2024-12-30 15:12:22.1111 | INFO | Microsoft.EntityFrameworkCore.Database.Command | Executed DbCommand (6ms) [Parameters=[@__username_0='?' (Size = 50) (DbType = AnsiString)], CommandType='Text', CommandTimeout='30']
SELECT TOP(1) [t].[user_id], [t].[created_at], [t].[created_user], [t].[department_id], [t].[email], [t].[failed_login_attempts], [t].[full_name], [t].[is_admin], [t].[last_login], [t].[lockout_time], [t].[password], [t].[phone], [t].[reset_token], [t].[reset_token_expiry], [t].[role_id], [t].[status], [t].[updated_at], [t].[updated_user], [t].[username]
FROM [TblUsers] AS [t]
WHERE [t].[username] = @__username_0 
2024-12-30 15:12:23.1179 | INFO | Microsoft.EntityFrameworkCore.Database.Command | Executed DbCommand (13ms) [Parameters=[@p18='?' (DbType = Int32), @p0='?' (DbType = DateTime), @p1='?' (DbType = Int32), @p2='?' (DbType = Int32), @p3='?' (Size = 100) (DbType = AnsiString), @p4='?' (DbType = Int32), @p5='?' (Size = 100), @p6='?' (DbType = Boolean), @p7='?' (DbType = DateTime), @p8='?' (DbType = DateTime), @p9='?' (Size = 255) (DbType = AnsiString), @p10='?' (Size = 20) (DbType = AnsiString), @p11='?' (Size = 255) (DbType = AnsiString), @p12='?' (DbType = DateTime), @p13='?' (DbType = Int32), @p14='?' (DbType = Int16), @p15='?' (DbType = DateTime), @p16='?' (DbType = Int32), @p17='?' (Size = 50) (DbType = AnsiString)], CommandType='Text', CommandTimeout='30']
SET IMPLICIT_TRANSACTIONS OFF;
SET NOCOUNT ON;
UPDATE [TblUsers] SET [created_at] = @p0, [created_user] = @p1, [department_id] = @p2, [email] = @p3, [failed_login_attempts] = @p4, [full_name] = @p5, [is_admin] = @p6, [last_login] = @p7, [lockout_time] = @p8, [password] = @p9, [phone] = @p10, [reset_token] = @p11, [reset_token_expiry] = @p12, [role_id] = @p13, [status] = @p14, [updated_at] = @p15, [updated_user] = @p16, [username] = @p17
OUTPUT 1
WHERE [user_id] = @p18; 
2024-12-30 15:12:23.1282 | INFO | admin_sweetsoft_tech_support.Controllers.AdminController | User nguyenvanan (ID: 1) logged out at 12/30/2024 15:12:23. 
2024-12-30 15:12:23.1282 | INFO | Microsoft.EntityFrameworkCore.Database.Command | Executed DbCommand (3ms) [Parameters=[@__userId_0='?' (DbType = Int32)], CommandType='Text', CommandTimeout='30']
SELECT [t].[session_id], [t].[created_at], [t].[expires_at], [t].[session_token], [t].[user_id]
FROM [TblSessions] AS [t]
WHERE [t].[user_id] = @__userId_0 
2024-12-30 15:12:23.1547 | INFO | Microsoft.EntityFrameworkCore.Database.Command | Executed DbCommand (2ms) [Parameters=[@p0='?' (DbType = Int32)], CommandType='Text', CommandTimeout='30']
SET IMPLICIT_TRANSACTIONS OFF;
SET NOCOUNT ON;
DELETE FROM [TblSessions]
OUTPUT 1
WHERE [session_id] = @p0; 
2024-12-30 15:12:23.1547 | INFO | Microsoft.EntityFrameworkCore.Database.Command | Executed DbCommand (0ms) [Parameters=[@__userId_0='?' (DbType = Int32)], CommandType='Text', CommandTimeout='30']
SELECT [t].[session_id], [t].[created_at], [t].[expires_at], [t].[session_token], [t].[user_id]
FROM [TblSessions] AS [t]
WHERE [t].[user_id] = @__userId_0 
2024-12-30 15:12:23.1718 | INFO | Microsoft.EntityFrameworkCore.Database.Command | Executed DbCommand (3ms) [Parameters=[@p0='?' (DbType = DateTime), @p1='?' (DbType = DateTime), @p2='?' (Size = 255) (DbType = AnsiString), @p3='?' (DbType = Int32)], CommandType='Text', CommandTimeout='30']
SET IMPLICIT_TRANSACTIONS OFF;
SET NOCOUNT ON;
INSERT INTO [TblSessions] ([created_at], [expires_at], [session_token], [user_id])
OUTPUT INSERTED.[session_id]
VALUES (@p0, @p1, @p2, @p3); 
2024-12-30 15:12:23.1861 | INFO | Microsoft.AspNetCore.Authentication.Cookies.CookieAuthenticationHandler | AuthenticationScheme: Cookies signed in. 
2024-12-30 15:12:23.1861 | INFO | Microsoft.AspNetCore.Mvc.RedirectToActionResult | Executing RedirectResult, redirecting to /bao-cao. 
2024-12-30 15:12:23.1861 | INFO | Microsoft.AspNetCore.Mvc.Infrastructure.ControllerActionInvoker | Executed action admin_sweetsoft_tech_support.Controllers.AdminController.Login (admin_sweetsoft_tech_support) in 1107.3282ms 
2024-12-30 15:12:23.1861 | INFO | Microsoft.AspNetCore.Routing.EndpointMiddleware | Executed endpoint 'admin_sweetsoft_tech_support.Controllers.AdminController.Login (admin_sweetsoft_tech_support)' 
2024-12-30 15:12:23.1861 | INFO | Microsoft.AspNetCore.Hosting.Diagnostics | Request finished HTTP/2 POST https://localhost:44351/ - 302 - - 1115.2216ms 
2024-12-30 15:12:23.1861 | INFO | Microsoft.AspNetCore.Hosting.Diagnostics | Request starting HTTP/2 GET https://localhost:44351/bao-cao - - - 
2024-12-30 15:12:23.2023 | INFO | Microsoft.EntityFrameworkCore.Database.Command | Executed DbCommand (2ms) [Parameters=[@__userId_0='?' (DbType = Int32)], CommandType='Text', CommandTimeout='30']
SELECT TOP(1) [t].[session_id], [t].[created_at], [t].[expires_at], [t].[session_token], [t].[user_id]
FROM [TblSessions] AS [t]
WHERE [t].[user_id] = @__userId_0 AND [t].[expires_at] > GETDATE() 
2024-12-30 15:12:23.2023 | INFO | Microsoft.AspNetCore.Routing.EndpointMiddleware | Executing endpoint 'admin_sweetsoft_tech_support.Controllers.ReportController.Index1 (admin_sweetsoft_tech_support)' 
2024-12-30 15:12:23.2023 | INFO | Microsoft.AspNetCore.Mvc.Infrastructure.ControllerActionInvoker | Route matched with {action = "Index1", controller = "Report"}. Executing controller action with signature System.Threading.Tasks.Task`1[Microsoft.AspNetCore.Mvc.IActionResult] Index1(report.Models.ReportFilterModel) on controller admin_sweetsoft_tech_support.Controllers.ReportController (admin_sweetsoft_tech_support). 
2024-12-30 15:12:23.2023 | INFO | Microsoft.EntityFrameworkCore.Database.Command | Executed DbCommand (6ms) [Parameters=[], CommandType='Text', CommandTimeout='30']
SELECT [t0].[c], [t0].[c0], [t0].[c1], [t0].[customer_id], [t3].[request_id], [t3].[request_details], CASE
    WHEN [t3].[status] = CAST(1 AS smallint) THEN N'Pending'
    WHEN [t3].[status] = CAST(2 AS smallint) THEN N'Processing'
    WHEN [t3].[status] = CAST(3 AS smallint) THEN N'Completed'
    WHEN [t3].[status] = CAST(4 AS smallint) THEN N'Cannot be Resolved'
    ELSE N'Unknown'
END, [t3].[created_at]
FROM (
    SELECT COALESCE([t].[customer_id], 0) AS [c], (
        SELECT TOP(1) [t2].[full_name]
        FROM [TblSupport_Requests] AS [t1]
        LEFT JOIN [TblCustomers] AS [t2] ON [t1].[customer_id] = [t2].[customer_id]
        WHERE [t].[customer_id] = [t1].[customer_id] OR ([t].[customer_id] IS NULL AND [t1].[customer_id] IS NULL)) AS [c0], COUNT(*) AS [c1], [t].[customer_id]
    FROM [TblSupport_Requests] AS [t]
    GROUP BY [t].[customer_id]
) AS [t0]
LEFT JOIN [TblSupport_Requests] AS [t3] ON [t0].[customer_id] = [t3].[customer_id]
ORDER BY [t0].[customer_id] 
2024-12-30 15:12:23.2023 | INFO | Microsoft.AspNetCore.Mvc.ViewFeatures.ViewResultExecutor | Executing ViewResult, running view Index1. 
2024-12-30 15:12:23.2023 | INFO | Microsoft.EntityFrameworkCore.Database.Command | Executed DbCommand (2ms) [Parameters=[@__Parse_0='?' (DbType = Int32)], CommandType='Text', CommandTimeout='30']
SELECT [t].[notification_id], [t].[created_at], [t].[message], [t].[status], [t].[user_id]
FROM [TblNotifications] AS [t]
WHERE [t].[user_id] = @__Parse_0 
2024-12-30 15:12:23.2171 | INFO | Microsoft.EntityFrameworkCore.Database.Command | Executed DbCommand (2ms) [Parameters=[@__Parse_0='?' (DbType = Int32)], CommandType='Text', CommandTimeout='30']
SELECT COUNT(*)
FROM [TblNotifications] AS [t]
WHERE [t].[user_id] = @__Parse_0 AND [t].[status] = CAST(0 AS smallint) 
2024-12-30 15:12:23.2171 | INFO | Microsoft.AspNetCore.Mvc.ViewFeatures.ViewResultExecutor | Executed ViewResult - view Index1 executed in 11.0095ms. 
2024-12-30 15:12:23.2171 | INFO | Microsoft.AspNetCore.Mvc.Infrastructure.ControllerActionInvoker | Executed action admin_sweetsoft_tech_support.Controllers.ReportController.Index1 (admin_sweetsoft_tech_support) in 20.1068ms 
2024-12-30 15:12:23.2171 | INFO | Microsoft.AspNetCore.Routing.EndpointMiddleware | Executed endpoint 'admin_sweetsoft_tech_support.Controllers.ReportController.Index1 (admin_sweetsoft_tech_support)' 
2024-12-30 15:12:23.2171 | INFO | Microsoft.AspNetCore.Hosting.Diagnostics | Request finished HTTP/2 GET https://localhost:44351/bao-cao - 200 - text/html;+charset=utf-8 28.6299ms 
2024-12-30 15:12:23.2434 | INFO | Microsoft.AspNetCore.Hosting.Diagnostics | Request starting HTTP/2 GET https://localhost:44351/_framework/aspnetcore-browser-refresh.js - - - 
2024-12-30 15:12:23.2434 | INFO | Microsoft.AspNetCore.Hosting.Diagnostics | Request finished HTTP/2 GET https://localhost:44351/_framework/aspnetcore-browser-refresh.js - 200 13792 application/javascript;+charset=utf-8 0.6595ms 
2024-12-30 15:12:23.2434 | INFO | Microsoft.AspNetCore.Hosting.Diagnostics | Request starting HTTP/2 GET https://localhost:44351/assets/js/scripts.js - - - 
2024-12-30 15:12:23.2434 | INFO | Microsoft.AspNetCore.Hosting.Diagnostics | Request starting HTTP/2 GET https://localhost:44351/_vs/browserLink - - - 
2024-12-30 15:12:23.2483 | INFO | Microsoft.EntityFrameworkCore.Database.Command | Executed DbCommand (4ms) [Parameters=[@__userId_0='?' (DbType = Int32)], CommandType='Text', CommandTimeout='30']
SELECT TOP(1) [t].[session_id], [t].[created_at], [t].[expires_at], [t].[session_token], [t].[user_id]
FROM [TblSessions] AS [t]
WHERE [t].[user_id] = @__userId_0 AND [t].[expires_at] > GETDATE() 
2024-12-30 15:12:23.2483 | INFO | Microsoft.AspNetCore.Hosting.Diagnostics | Request finished HTTP/2 GET https://localhost:44351/assets/js/scripts.js - 404 - - 7.8204ms 
2024-12-30 15:12:23.2483 | INFO | Microsoft.AspNetCore.Hosting.Diagnostics | Request reached the end of the middleware pipeline without being handled by application code. Request path: GET https://localhost:44351/assets/js/scripts.js, Response status code: 404 
2024-12-30 15:12:23.2483 | INFO | Microsoft.AspNetCore.Hosting.Diagnostics | Request finished HTTP/2 GET https://localhost:44351/_vs/browserLink - 200 - text/javascript;+charset=UTF-8 13.1997ms 
2024-12-30 15:12:23.2900 | INFO | Microsoft.AspNetCore.Hosting.Diagnostics | Request starting HTTP/2 GET https://localhost:44351/api/requests/status-summary?startDate=2024-01-01&endDate=2024-12-31 - - - 
2024-12-30 15:12:23.2900 | INFO | Microsoft.AspNetCore.Hosting.Diagnostics | Request starting HTTP/2 GET https://localhost:44351/api/requests/department-summary?startDate=2024-01-01&endDate=2024-12-31 - - - 
2024-12-30 15:12:23.2957 | INFO | Microsoft.EntityFrameworkCore.Database.Command | Executed DbCommand (3ms) [Parameters=[@__userId_0='?' (DbType = Int32)], CommandType='Text', CommandTimeout='30']
SELECT TOP(1) [t].[session_id], [t].[created_at], [t].[expires_at], [t].[session_token], [t].[user_id]
FROM [TblSessions] AS [t]
WHERE [t].[user_id] = @__userId_0 AND [t].[expires_at] > GETDATE() 
2024-12-30 15:12:23.2957 | INFO | Microsoft.EntityFrameworkCore.Database.Command | Executed DbCommand (3ms) [Parameters=[@__userId_0='?' (DbType = Int32)], CommandType='Text', CommandTimeout='30']
SELECT TOP(1) [t].[session_id], [t].[created_at], [t].[expires_at], [t].[session_token], [t].[user_id]
FROM [TblSessions] AS [t]
WHERE [t].[user_id] = @__userId_0 AND [t].[expires_at] > GETDATE() 
2024-12-30 15:12:23.2957 | INFO | Microsoft.AspNetCore.Routing.EndpointMiddleware | Executing endpoint 'admin_sweetsoft_tech_support.Controllers.ReportController.GetDepartmentRequest (admin_sweetsoft_tech_support)' 
2024-12-30 15:12:23.2957 | INFO | Microsoft.AspNetCore.Routing.EndpointMiddleware | Executing endpoint 'admin_sweetsoft_tech_support.Controllers.ReportController.GetStatusRequest (admin_sweetsoft_tech_support)' 
2024-12-30 15:12:23.2957 | INFO | Microsoft.AspNetCore.Mvc.Infrastructure.ControllerActionInvoker | Route matched with {action = "GetStatusRequest", controller = "Report"}. Executing controller action with signature System.Threading.Tasks.Task`1[Microsoft.AspNetCore.Mvc.IActionResult] GetStatusRequest(System.Nullable`1[System.DateTime], System.Nullable`1[System.DateTime]) on controller admin_sweetsoft_tech_support.Controllers.ReportController (admin_sweetsoft_tech_support). 
2024-12-30 15:12:23.2957 | INFO | Microsoft.AspNetCore.Mvc.Infrastructure.ControllerActionInvoker | Route matched with {action = "GetDepartmentRequest", controller = "Report"}. Executing controller action with signature System.Threading.Tasks.Task`1[Microsoft.AspNetCore.Mvc.IActionResult] GetDepartmentRequest(System.Nullable`1[System.DateTime], System.Nullable`1[System.DateTime]) on controller admin_sweetsoft_tech_support.Controllers.ReportController (admin_sweetsoft_tech_support). 
2024-12-30 15:12:23.2957 | INFO | Microsoft.EntityFrameworkCore.Database.Command | Executed DbCommand (4ms) [Parameters=[@__startDate_Value_0='?' (DbType = DateTime), @__endDate_Value_1='?' (DbType = DateTime)], CommandType='Text', CommandTimeout='30']
SELECT [t].[status] AS [Status], COUNT(*) AS [Count]
FROM [TblSupport_Requests] AS [t]
WHERE [t].[created_at] >= @__startDate_Value_0 AND [t].[created_at] <= @__endDate_Value_1
GROUP BY [t].[status] 
2024-12-30 15:12:23.2957 | INFO | Microsoft.AspNetCore.Mvc.Infrastructure.ObjectResultExecutor | Executing OkObjectResult, writing value of type '<>f__AnonymousType12`1[[System.Collections.Generic.List`1[[<>f__AnonymousType11`2[[System.Int16, System.Private.CoreLib, Version=8.0.0.0, Culture=neutral, PublicKeyToken=7cec85d7bea7798e],[System.Int32, System.Private.CoreLib, Version=8.0.0.0, Culture=neutral, PublicKeyToken=7cec85d7bea7798e]], admin_sweetsoft_tech_support, Version=1.0.0.0, Culture=neutral, PublicKeyToken=null]], System.Private.CoreLib, Version=8.0.0.0, Culture=neutral, PublicKeyToken=7cec85d7bea7798e]]'. 
2024-12-30 15:12:23.2957 | INFO | Microsoft.AspNetCore.Mvc.Infrastructure.ControllerActionInvoker | Executed action admin_sweetsoft_tech_support.Controllers.ReportController.GetStatusRequest (admin_sweetsoft_tech_support) in 8.9489ms 
2024-12-30 15:12:23.2957 | INFO | Microsoft.AspNetCore.Routing.EndpointMiddleware | Executed endpoint 'admin_sweetsoft_tech_support.Controllers.ReportController.GetStatusRequest (admin_sweetsoft_tech_support)' 
2024-12-30 15:12:23.2957 | INFO | Microsoft.AspNetCore.Hosting.Diagnostics | Request finished HTTP/2 GET https://localhost:44351/api/requests/status-summary?startDate=2024-01-01&endDate=2024-12-31 - 200 - application/json;+charset=utf-8 16.0390ms 
2024-12-30 15:12:23.2957 | INFO | Microsoft.EntityFrameworkCore.Database.Command | Executed DbCommand (5ms) [Parameters=[@__startDate_0='?' (DbType = DateTime), @__endDate_1='?' (DbType = DateTime)], CommandType='Text', CommandTimeout='30']
SELECT [t].[department_id] AS [DepartmentId], (
    SELECT TOP(1) [t1].[department_name]
    FROM [TblSupport_Requests] AS [t0]
    LEFT JOIN [TblDepartments] AS [t1] ON [t0].[department_id] = [t1].[department_id]
    WHERE [t0].[created_at] >= @__startDate_0 AND [t0].[created_at] <= @__endDate_1 AND ([t].[department_id] = [t0].[department_id] OR ([t].[department_id] IS NULL AND [t0].[department_id] IS NULL))) AS [DepartmentName], COUNT(*) AS [Count]
FROM [TblSupport_Requests] AS [t]
WHERE [t].[created_at] >= @__startDate_0 AND [t].[created_at] <= @__endDate_1
GROUP BY [t].[department_id] 
2024-12-30 15:12:23.2957 | INFO | Microsoft.AspNetCore.Mvc.Infrastructure.ObjectResultExecutor | Executing OkObjectResult, writing value of type '<>f__AnonymousType15`1[[System.Collections.Generic.List`1[[<>f__AnonymousType14`4[[System.Nullable`1[[System.Int32, System.Private.CoreLib, Version=8.0.0.0, Culture=neutral, PublicKeyToken=7cec85d7bea7798e]], System.Private.CoreLib, Version=8.0.0.0, Culture=neutral, PublicKeyToken=7cec85d7bea7798e],[System.String, System.Private.CoreLib, Version=8.0.0.0, Culture=neutral, PublicKeyToken=7cec85d7bea7798e],[System.Int32, System.Private.CoreLib, Version=8.0.0.0, Culture=neutral, PublicKeyToken=7cec85d7bea7798e],[System.Double, System.Private.CoreLib, Version=8.0.0.0, Culture=neutral, PublicKeyToken=7cec85d7bea7798e]], admin_sweetsoft_tech_support, Version=1.0.0.0, Culture=neutral, PublicKeyToken=null]], System.Private.CoreLib, Version=8.0.0.0, Culture=neutral, PublicKeyToken=7cec85d7bea7798e]]'. 
2024-12-30 15:12:23.2957 | INFO | Microsoft.AspNetCore.Mvc.Infrastructure.ControllerActionInvoker | Executed action admin_sweetsoft_tech_support.Controllers.ReportController.GetDepartmentRequest (admin_sweetsoft_tech_support) in 10.1949ms 
2024-12-30 15:12:23.2957 | INFO | Microsoft.AspNetCore.Routing.EndpointMiddleware | Executed endpoint 'admin_sweetsoft_tech_support.Controllers.ReportController.GetDepartmentRequest (admin_sweetsoft_tech_support)' 
2024-12-30 15:12:23.2957 | INFO | Microsoft.AspNetCore.Hosting.Diagnostics | Request finished HTTP/2 GET https://localhost:44351/api/requests/department-summary?startDate=2024-01-01&endDate=2024-12-31 - 200 - application/json;+charset=utf-8 17.4830ms 
2024-12-30 15:12:23.3117 | INFO | Microsoft.AspNetCore.Hosting.Diagnostics | Request starting HTTP/2 GET https://localhost:44351/api/requests/monthly?startDate=2024-01-01&endDate=2024-12-31 - - - 
2024-12-30 15:12:23.3117 | INFO | Microsoft.EntityFrameworkCore.Database.Command | Executed DbCommand (5ms) [Parameters=[@__userId_0='?' (DbType = Int32)], CommandType='Text', CommandTimeout='30']
SELECT TOP(1) [t].[session_id], [t].[created_at], [t].[expires_at], [t].[session_token], [t].[user_id]
FROM [TblSessions] AS [t]
WHERE [t].[user_id] = @__userId_0 AND [t].[expires_at] > GETDATE() 
2024-12-30 15:12:23.3117 | INFO | Microsoft.AspNetCore.Routing.EndpointMiddleware | Executing endpoint 'admin_sweetsoft_tech_support.Controllers.ReportController.GetMonthlyRequestSummary (admin_sweetsoft_tech_support)' 
2024-12-30 15:12:23.3117 | INFO | Microsoft.AspNetCore.Mvc.Infrastructure.ControllerActionInvoker | Route matched with {action = "GetMonthlyRequestSummary", controller = "Report"}. Executing controller action with signature System.Threading.Tasks.Task`1[Microsoft.AspNetCore.Mvc.IActionResult] GetMonthlyRequestSummary(System.Nullable`1[System.DateTime], System.Nullable`1[System.DateTime]) on controller admin_sweetsoft_tech_support.Controllers.ReportController (admin_sweetsoft_tech_support). 
2024-12-30 15:12:23.3288 | INFO | Microsoft.EntityFrameworkCore.Database.Command | Executed DbCommand (6ms) [Parameters=[@__startDate_0='?' (DbType = DateTime), @__endDate_1='?' (DbType = DateTime)], CommandType='Text', CommandTimeout='30']
SELECT [t0].[Year], [t0].[Month], COUNT(*) AS [Count]
FROM (
    SELECT DATEPART(year, [t].[created_at]) AS [Year], DATEPART(month, [t].[created_at]) AS [Month]
    FROM [TblSupport_Requests] AS [t]
    WHERE [t].[created_at] >= @__startDate_0 AND [t].[created_at] <= @__endDate_1
) AS [t0]
GROUP BY [t0].[Year], [t0].[Month] 
2024-12-30 15:12:23.3288 | INFO | Microsoft.AspNetCore.Mvc.Infrastructure.ObjectResultExecutor | Executing OkObjectResult, writing value of type '<>f__AnonymousType10`1[[System.Collections.Generic.List`1[[<>f__AnonymousType9`3[[System.Int32, System.Private.CoreLib, Version=8.0.0.0, Culture=neutral, PublicKeyToken=7cec85d7bea7798e],[System.Int32, System.Private.CoreLib, Version=8.0.0.0, Culture=neutral, PublicKeyToken=7cec85d7bea7798e],[System.Int32, System.Private.CoreLib, Version=8.0.0.0, Culture=neutral, PublicKeyToken=7cec85d7bea7798e]], admin_sweetsoft_tech_support, Version=1.0.0.0, Culture=neutral, PublicKeyToken=null]], System.Private.CoreLib, Version=8.0.0.0, Culture=neutral, PublicKeyToken=7cec85d7bea7798e]]'. 
2024-12-30 15:12:23.3288 | INFO | Microsoft.AspNetCore.Mvc.Infrastructure.ControllerActionInvoker | Executed action admin_sweetsoft_tech_support.Controllers.ReportController.GetMonthlyRequestSummary (admin_sweetsoft_tech_support) in 8.3501ms 
2024-12-30 15:12:23.3288 | INFO | Microsoft.AspNetCore.Routing.EndpointMiddleware | Executed endpoint 'admin_sweetsoft_tech_support.Controllers.ReportController.GetMonthlyRequestSummary (admin_sweetsoft_tech_support)' 
2024-12-30 15:12:23.3288 | INFO | Microsoft.AspNetCore.Hosting.Diagnostics | Request finished HTTP/2 GET https://localhost:44351/api/requests/monthly?startDate=2024-01-01&endDate=2024-12-31 - 200 - application/json;+charset=utf-8 18.5350ms 
2024-12-30 15:12:30.8746 | INFO | Microsoft.AspNetCore.Hosting.Diagnostics | Request starting HTTP/2 GET https://localhost:44351/Admin/Logout - - - 
2024-12-30 15:12:30.8893 | INFO | Microsoft.EntityFrameworkCore.Database.Command | Executed DbCommand (8ms) [Parameters=[@__userId_0='?' (DbType = Int32)], CommandType='Text', CommandTimeout='30']
SELECT TOP(1) [t].[session_id], [t].[created_at], [t].[expires_at], [t].[session_token], [t].[user_id]
FROM [TblSessions] AS [t]
WHERE [t].[user_id] = @__userId_0 AND [t].[expires_at] > GETDATE() 
2024-12-30 15:12:30.8893 | INFO | Microsoft.AspNetCore.Routing.EndpointMiddleware | Executing endpoint 'admin_sweetsoft_tech_support.Controllers.AdminController.Logout (admin_sweetsoft_tech_support)' 
2024-12-30 15:12:30.8893 | INFO | Microsoft.AspNetCore.Mvc.Infrastructure.ControllerActionInvoker | Route matched with {action = "Logout", controller = "Admin"}. Executing controller action with signature System.Threading.Tasks.Task`1[Microsoft.AspNetCore.Mvc.IActionResult] Logout() on controller admin_sweetsoft_tech_support.Controllers.AdminController (admin_sweetsoft_tech_support). 
2024-12-30 15:12:30.8893 | INFO | admin_sweetsoft_tech_support.Controllers.AdminController | User Nguyễn Văn An (ID: 1) logged out at 12/30/2024 15:12:30. 
2024-12-30 15:12:30.8893 | INFO | Microsoft.AspNetCore.Authentication.Cookies.CookieAuthenticationHandler | AuthenticationScheme: Cookies signed out. 
2024-12-30 15:12:30.8893 | INFO | Microsoft.AspNetCore.Mvc.RedirectToActionResult | Executing RedirectResult, redirecting to /dang-nhap. 
2024-12-30 15:12:30.8893 | INFO | Microsoft.AspNetCore.Mvc.Infrastructure.ControllerActionInvoker | Executed action admin_sweetsoft_tech_support.Controllers.AdminController.Logout (admin_sweetsoft_tech_support) in 0.8375ms 
2024-12-30 15:12:30.8893 | INFO | Microsoft.AspNetCore.Routing.EndpointMiddleware | Executed endpoint 'admin_sweetsoft_tech_support.Controllers.AdminController.Logout (admin_sweetsoft_tech_support)' 
2024-12-30 15:12:30.8893 | INFO | Microsoft.AspNetCore.Hosting.Diagnostics | Request finished HTTP/2 GET https://localhost:44351/Admin/Logout - 302 - - 16.6276ms 
2024-12-30 15:12:30.8893 | INFO | Microsoft.AspNetCore.Hosting.Diagnostics | Request starting HTTP/2 GET https://localhost:44351/dang-nhap - - - 
2024-12-30 15:12:30.8893 | INFO | Microsoft.AspNetCore.Routing.EndpointMiddleware | Executing endpoint 'admin_sweetsoft_tech_support.Controllers.AdminController.Login (admin_sweetsoft_tech_support)' 
2024-12-30 15:12:30.8893 | INFO | Microsoft.AspNetCore.Mvc.Infrastructure.ControllerActionInvoker | Route matched with {action = "Login", controller = "Admin"}. Executing controller action with signature Microsoft.AspNetCore.Mvc.IActionResult Login() on controller admin_sweetsoft_tech_support.Controllers.AdminController (admin_sweetsoft_tech_support). 
2024-12-30 15:12:30.8893 | INFO | Microsoft.AspNetCore.Mvc.ViewFeatures.ViewResultExecutor | Executing ViewResult, running view Login. 
2024-12-30 15:12:30.8893 | INFO | Microsoft.AspNetCore.Mvc.ViewFeatures.ViewResultExecutor | Executed ViewResult - view Login executed in 1.1913ms. 
2024-12-30 15:12:30.8893 | INFO | Microsoft.AspNetCore.Mvc.Infrastructure.ControllerActionInvoker | Executed action admin_sweetsoft_tech_support.Controllers.AdminController.Login (admin_sweetsoft_tech_support) in 1.441ms 
2024-12-30 15:12:30.8893 | INFO | Microsoft.AspNetCore.Routing.EndpointMiddleware | Executed endpoint 'admin_sweetsoft_tech_support.Controllers.AdminController.Login (admin_sweetsoft_tech_support)' 
2024-12-30 15:12:30.8893 | WARN | Microsoft.WebTools.BrowserLink.Net.BrowserLinkMiddleware | Unable to configure Browser Link script injection on the response.  
2024-12-30 15:12:30.8893 | WARN | Microsoft.AspNetCore.Watch.BrowserRefresh.BrowserRefreshMiddleware | Unable to configure browser refresh script injection on the response. Consider manually adding '<script src="/_framework/aspnetcore-browser-refresh.js"></script>' to the body of the page. 
2024-12-30 15:12:30.8893 | INFO | Microsoft.AspNetCore.Hosting.Diagnostics | Request finished HTTP/2 GET https://localhost:44351/dang-nhap - 200 - text/html;+charset=utf-8 3.7871ms 
2024-12-30 15:12:53.9729 | INFO | Microsoft.AspNetCore.Hosting.Diagnostics | Request starting HTTP/2 GET https://localhost:44351/ - - - 
2024-12-30 15:12:53.9729 | INFO | Microsoft.AspNetCore.Routing.EndpointMiddleware | Executing endpoint 'admin_sweetsoft_tech_support.Controllers.AdminController.Login (admin_sweetsoft_tech_support)' 
2024-12-30 15:12:53.9729 | INFO | Microsoft.AspNetCore.Mvc.Infrastructure.ControllerActionInvoker | Route matched with {action = "Login", controller = "Admin"}. Executing controller action with signature Microsoft.AspNetCore.Mvc.IActionResult Login() on controller admin_sweetsoft_tech_support.Controllers.AdminController (admin_sweetsoft_tech_support). 
2024-12-30 15:12:53.9729 | INFO | Microsoft.AspNetCore.Mvc.ViewFeatures.ViewResultExecutor | Executing ViewResult, running view Login. 
2024-12-30 15:12:53.9729 | INFO | Microsoft.AspNetCore.Mvc.ViewFeatures.ViewResultExecutor | Executed ViewResult - view Login executed in 0.9372ms. 
2024-12-30 15:12:53.9729 | INFO | Microsoft.AspNetCore.Mvc.Infrastructure.ControllerActionInvoker | Executed action admin_sweetsoft_tech_support.Controllers.AdminController.Login (admin_sweetsoft_tech_support) in 1.0926ms 
2024-12-30 15:12:53.9729 | INFO | Microsoft.AspNetCore.Routing.EndpointMiddleware | Executed endpoint 'admin_sweetsoft_tech_support.Controllers.AdminController.Login (admin_sweetsoft_tech_support)' 
2024-12-30 15:12:53.9729 | WARN | Microsoft.WebTools.BrowserLink.Net.BrowserLinkMiddleware | Unable to configure Browser Link script injection on the response.  
2024-12-30 15:12:53.9729 | WARN | Microsoft.AspNetCore.Watch.BrowserRefresh.BrowserRefreshMiddleware | Unable to configure browser refresh script injection on the response. Consider manually adding '<script src="/_framework/aspnetcore-browser-refresh.js"></script>' to the body of the page. 
2024-12-30 15:12:53.9729 | INFO | Microsoft.AspNetCore.Hosting.Diagnostics | Request finished HTTP/2 GET https://localhost:44351/ - 200 - text/html;+charset=utf-8 3.1423ms 
2024-12-30 15:13:30.7415 | INFO | Microsoft.AspNetCore.Hosting.Diagnostics | Request starting HTTP/2 POST https://localhost:44351/ - application/x-www-form-urlencoded 2309 
2024-12-30 15:13:30.7415 | INFO | Microsoft.AspNetCore.Routing.EndpointMiddleware | Executing endpoint 'admin_sweetsoft_tech_support.Controllers.AdminController.Login (admin_sweetsoft_tech_support)' 
2024-12-30 15:13:30.7415 | INFO | Microsoft.AspNetCore.Mvc.Infrastructure.ControllerActionInvoker | Route matched with {action = "Login", controller = "Admin"}. Executing controller action with signature System.Threading.Tasks.Task`1[Microsoft.AspNetCore.Mvc.IActionResult] Login(System.String, System.String) on controller admin_sweetsoft_tech_support.Controllers.AdminController (admin_sweetsoft_tech_support). 
2024-12-30 15:13:30.7556 | INFO | Microsoft.EntityFrameworkCore.Database.Command | Executed DbCommand (9ms) [Parameters=[@__username_0='?' (Size = 50) (DbType = AnsiString)], CommandType='Text', CommandTimeout='30']
SELECT TOP(1) [t].[user_id], [t].[created_at], [t].[created_user], [t].[department_id], [t].[email], [t].[failed_login_attempts], [t].[full_name], [t].[is_admin], [t].[last_login], [t].[lockout_time], [t].[password], [t].[phone], [t].[reset_token], [t].[reset_token_expiry], [t].[role_id], [t].[status], [t].[updated_at], [t].[updated_user], [t].[username]
FROM [TblUsers] AS [t]
WHERE [t].[username] = @__username_0 
2024-12-30 15:13:31.4885 | INFO | Microsoft.EntityFrameworkCore.Database.Command | Executed DbCommand (14ms) [Parameters=[@p18='?' (DbType = Int32), @p0='?' (DbType = DateTime), @p1='?' (DbType = Int32), @p2='?' (DbType = Int32), @p3='?' (Size = 100) (DbType = AnsiString), @p4='?' (DbType = Int32), @p5='?' (Size = 100), @p6='?' (DbType = Boolean), @p7='?' (DbType = DateTime), @p8='?' (DbType = DateTime), @p9='?' (Size = 255) (DbType = AnsiString), @p10='?' (Size = 20) (DbType = AnsiString), @p11='?' (Size = 255) (DbType = AnsiString), @p12='?' (DbType = DateTime), @p13='?' (DbType = Int32), @p14='?' (DbType = Int16), @p15='?' (DbType = DateTime), @p16='?' (DbType = Int32), @p17='?' (Size = 50) (DbType = AnsiString)], CommandType='Text', CommandTimeout='30']
SET IMPLICIT_TRANSACTIONS OFF;
SET NOCOUNT ON;
UPDATE [TblUsers] SET [created_at] = @p0, [created_user] = @p1, [department_id] = @p2, [email] = @p3, [failed_login_attempts] = @p4, [full_name] = @p5, [is_admin] = @p6, [last_login] = @p7, [lockout_time] = @p8, [password] = @p9, [phone] = @p10, [reset_token] = @p11, [reset_token_expiry] = @p12, [role_id] = @p13, [status] = @p14, [updated_at] = @p15, [updated_user] = @p16, [username] = @p17
OUTPUT 1
WHERE [user_id] = @p18; 
2024-12-30 15:13:31.4885 | INFO | admin_sweetsoft_tech_support.Controllers.AdminController | User nguyenvanan (ID: 1) logged out at 12/30/2024 15:13:31. 
2024-12-30 15:13:31.4885 | INFO | Microsoft.EntityFrameworkCore.Database.Command | Executed DbCommand (1ms) [Parameters=[@__userId_0='?' (DbType = Int32)], CommandType='Text', CommandTimeout='30']
SELECT [t].[session_id], [t].[created_at], [t].[expires_at], [t].[session_token], [t].[user_id]
FROM [TblSessions] AS [t]
WHERE [t].[user_id] = @__userId_0 
2024-12-30 15:13:31.4885 | INFO | Microsoft.EntityFrameworkCore.Database.Command | Executed DbCommand (1ms) [Parameters=[@p0='?' (DbType = Int32)], CommandType='Text', CommandTimeout='30']
SET IMPLICIT_TRANSACTIONS OFF;
SET NOCOUNT ON;
DELETE FROM [TblSessions]
OUTPUT 1
WHERE [session_id] = @p0; 
2024-12-30 15:13:31.4885 | INFO | Microsoft.EntityFrameworkCore.Database.Command | Executed DbCommand (0ms) [Parameters=[@__userId_0='?' (DbType = Int32)], CommandType='Text', CommandTimeout='30']
SELECT [t].[session_id], [t].[created_at], [t].[expires_at], [t].[session_token], [t].[user_id]
FROM [TblSessions] AS [t]
WHERE [t].[user_id] = @__userId_0 
2024-12-30 15:13:31.4885 | INFO | Microsoft.EntityFrameworkCore.Database.Command | Executed DbCommand (1ms) [Parameters=[@p0='?' (DbType = DateTime), @p1='?' (DbType = DateTime), @p2='?' (Size = 255) (DbType = AnsiString), @p3='?' (DbType = Int32)], CommandType='Text', CommandTimeout='30']
SET IMPLICIT_TRANSACTIONS OFF;
SET NOCOUNT ON;
INSERT INTO [TblSessions] ([created_at], [expires_at], [session_token], [user_id])
OUTPUT INSERTED.[session_id]
VALUES (@p0, @p1, @p2, @p3); 
2024-12-30 15:13:31.4885 | INFO | Microsoft.AspNetCore.Authentication.Cookies.CookieAuthenticationHandler | AuthenticationScheme: Cookies signed in. 
2024-12-30 15:13:31.4885 | INFO | Microsoft.AspNetCore.Mvc.RedirectToActionResult | Executing RedirectResult, redirecting to /bao-cao. 
2024-12-30 15:13:31.4885 | INFO | Microsoft.AspNetCore.Mvc.Infrastructure.ControllerActionInvoker | Executed action admin_sweetsoft_tech_support.Controllers.AdminController.Login (admin_sweetsoft_tech_support) in 751.5253ms 
2024-12-30 15:13:31.4885 | INFO | Microsoft.AspNetCore.Routing.EndpointMiddleware | Executed endpoint 'admin_sweetsoft_tech_support.Controllers.AdminController.Login (admin_sweetsoft_tech_support)' 
2024-12-30 15:13:31.4885 | INFO | Microsoft.AspNetCore.Hosting.Diagnostics | Request finished HTTP/2 POST https://localhost:44351/ - 302 - - 755.1702ms 
2024-12-30 15:13:31.4994 | INFO | Microsoft.AspNetCore.Hosting.Diagnostics | Request starting HTTP/2 GET https://localhost:44351/bao-cao - - - 
2024-12-30 15:13:31.4994 | INFO | Microsoft.EntityFrameworkCore.Database.Command | Executed DbCommand (1ms) [Parameters=[@__userId_0='?' (DbType = Int32)], CommandType='Text', CommandTimeout='30']
SELECT TOP(1) [t].[session_id], [t].[created_at], [t].[expires_at], [t].[session_token], [t].[user_id]
FROM [TblSessions] AS [t]
WHERE [t].[user_id] = @__userId_0 AND [t].[expires_at] > GETDATE() 
2024-12-30 15:13:31.4994 | INFO | Microsoft.AspNetCore.Routing.EndpointMiddleware | Executing endpoint 'admin_sweetsoft_tech_support.Controllers.ReportController.Index1 (admin_sweetsoft_tech_support)' 
2024-12-30 15:13:31.4994 | INFO | Microsoft.AspNetCore.Mvc.Infrastructure.ControllerActionInvoker | Route matched with {action = "Index1", controller = "Report"}. Executing controller action with signature System.Threading.Tasks.Task`1[Microsoft.AspNetCore.Mvc.IActionResult] Index1(report.Models.ReportFilterModel) on controller admin_sweetsoft_tech_support.Controllers.ReportController (admin_sweetsoft_tech_support). 
2024-12-30 15:13:31.4994 | INFO | Microsoft.EntityFrameworkCore.Database.Command | Executed DbCommand (4ms) [Parameters=[], CommandType='Text', CommandTimeout='30']
SELECT [t0].[c], [t0].[c0], [t0].[c1], [t0].[customer_id], [t3].[request_id], [t3].[request_details], CASE
    WHEN [t3].[status] = CAST(1 AS smallint) THEN N'Pending'
    WHEN [t3].[status] = CAST(2 AS smallint) THEN N'Processing'
    WHEN [t3].[status] = CAST(3 AS smallint) THEN N'Completed'
    WHEN [t3].[status] = CAST(4 AS smallint) THEN N'Cannot be Resolved'
    ELSE N'Unknown'
END, [t3].[created_at]
FROM (
    SELECT COALESCE([t].[customer_id], 0) AS [c], (
        SELECT TOP(1) [t2].[full_name]
        FROM [TblSupport_Requests] AS [t1]
        LEFT JOIN [TblCustomers] AS [t2] ON [t1].[customer_id] = [t2].[customer_id]
        WHERE [t].[customer_id] = [t1].[customer_id] OR ([t].[customer_id] IS NULL AND [t1].[customer_id] IS NULL)) AS [c0], COUNT(*) AS [c1], [t].[customer_id]
    FROM [TblSupport_Requests] AS [t]
    GROUP BY [t].[customer_id]
) AS [t0]
LEFT JOIN [TblSupport_Requests] AS [t3] ON [t0].[customer_id] = [t3].[customer_id]
ORDER BY [t0].[customer_id] 
2024-12-30 15:13:31.4994 | INFO | Microsoft.AspNetCore.Mvc.ViewFeatures.ViewResultExecutor | Executing ViewResult, running view Index1. 
2024-12-30 15:13:31.4994 | INFO | Microsoft.EntityFrameworkCore.Database.Command | Executed DbCommand (2ms) [Parameters=[@__Parse_0='?' (DbType = Int32)], CommandType='Text', CommandTimeout='30']
SELECT [t].[notification_id], [t].[created_at], [t].[message], [t].[status], [t].[user_id]
FROM [TblNotifications] AS [t]
WHERE [t].[user_id] = @__Parse_0 
2024-12-30 15:13:31.4994 | INFO | Microsoft.EntityFrameworkCore.Database.Command | Executed DbCommand (1ms) [Parameters=[@__Parse_0='?' (DbType = Int32)], CommandType='Text', CommandTimeout='30']
SELECT COUNT(*)
FROM [TblNotifications] AS [t]
WHERE [t].[user_id] = @__Parse_0 AND [t].[status] = CAST(0 AS smallint) 
2024-12-30 15:13:31.4994 | INFO | Microsoft.AspNetCore.Mvc.ViewFeatures.ViewResultExecutor | Executed ViewResult - view Index1 executed in 5.6494ms. 
2024-12-30 15:13:31.4994 | INFO | Microsoft.AspNetCore.Mvc.Infrastructure.ControllerActionInvoker | Executed action admin_sweetsoft_tech_support.Controllers.ReportController.Index1 (admin_sweetsoft_tech_support) in 10.5062ms 
2024-12-30 15:13:31.4994 | INFO | Microsoft.AspNetCore.Routing.EndpointMiddleware | Executed endpoint 'admin_sweetsoft_tech_support.Controllers.ReportController.Index1 (admin_sweetsoft_tech_support)' 
2024-12-30 15:13:31.4994 | INFO | Microsoft.AspNetCore.Hosting.Diagnostics | Request finished HTTP/2 GET https://localhost:44351/bao-cao - 200 - text/html;+charset=utf-8 14.1223ms 
2024-12-30 15:13:31.5366 | INFO | Microsoft.AspNetCore.Hosting.Diagnostics | Request starting HTTP/2 GET https://localhost:44351/_framework/aspnetcore-browser-refresh.js - - - 
2024-12-30 15:13:31.5366 | INFO | Microsoft.AspNetCore.Hosting.Diagnostics | Request finished HTTP/2 GET https://localhost:44351/_framework/aspnetcore-browser-refresh.js - 200 13792 application/javascript;+charset=utf-8 0.5162ms 
2024-12-30 15:13:31.5366 | INFO | Microsoft.AspNetCore.Hosting.Diagnostics | Request starting HTTP/2 GET https://localhost:44351/assets/js/scripts.js - - - 
2024-12-30 15:13:31.5366 | INFO | Microsoft.AspNetCore.Hosting.Diagnostics | Request starting HTTP/2 GET https://localhost:44351/_vs/browserLink - - - 
2024-12-30 15:13:31.5366 | INFO | Microsoft.EntityFrameworkCore.Database.Command | Executed DbCommand (1ms) [Parameters=[@__userId_0='?' (DbType = Int32)], CommandType='Text', CommandTimeout='30']
SELECT TOP(1) [t].[session_id], [t].[created_at], [t].[expires_at], [t].[session_token], [t].[user_id]
FROM [TblSessions] AS [t]
WHERE [t].[user_id] = @__userId_0 AND [t].[expires_at] > GETDATE() 
2024-12-30 15:13:31.5366 | INFO | Microsoft.AspNetCore.Hosting.Diagnostics | Request finished HTTP/2 GET https://localhost:44351/assets/js/scripts.js - 404 - - 3.9564ms 
2024-12-30 15:13:31.5366 | INFO | Microsoft.AspNetCore.Hosting.Diagnostics | Request reached the end of the middleware pipeline without being handled by application code. Request path: GET https://localhost:44351/assets/js/scripts.js, Response status code: 404 
2024-12-30 15:13:31.5471 | INFO | Microsoft.AspNetCore.Hosting.Diagnostics | Request finished HTTP/2 GET https://localhost:44351/_vs/browserLink - 200 - text/javascript;+charset=UTF-8 7.2507ms 
2024-12-30 15:13:31.5901 | INFO | Microsoft.AspNetCore.Hosting.Diagnostics | Request starting HTTP/2 GET https://localhost:44351/api/requests/status-summary?startDate=2024-01-01&endDate=2024-12-31 - - - 
2024-12-30 15:13:31.5901 | INFO | Microsoft.AspNetCore.Hosting.Diagnostics | Request starting HTTP/2 GET https://localhost:44351/api/requests/department-summary?startDate=2024-01-01&endDate=2024-12-31 - - - 
2024-12-30 15:13:31.5916 | INFO | Microsoft.EntityFrameworkCore.Database.Command | Executed DbCommand (5ms) [Parameters=[@__userId_0='?' (DbType = Int32)], CommandType='Text', CommandTimeout='30']
SELECT TOP(1) [t].[session_id], [t].[created_at], [t].[expires_at], [t].[session_token], [t].[user_id]
FROM [TblSessions] AS [t]
WHERE [t].[user_id] = @__userId_0 AND [t].[expires_at] > GETDATE() 
2024-12-30 15:13:31.5916 | INFO | Microsoft.EntityFrameworkCore.Database.Command | Executed DbCommand (6ms) [Parameters=[@__userId_0='?' (DbType = Int32)], CommandType='Text', CommandTimeout='30']
SELECT TOP(1) [t].[session_id], [t].[created_at], [t].[expires_at], [t].[session_token], [t].[user_id]
FROM [TblSessions] AS [t]
WHERE [t].[user_id] = @__userId_0 AND [t].[expires_at] > GETDATE() 
2024-12-30 15:13:31.5916 | INFO | Microsoft.AspNetCore.Routing.EndpointMiddleware | Executing endpoint 'admin_sweetsoft_tech_support.Controllers.ReportController.GetStatusRequest (admin_sweetsoft_tech_support)' 
2024-12-30 15:13:31.5916 | INFO | Microsoft.AspNetCore.Routing.EndpointMiddleware | Executing endpoint 'admin_sweetsoft_tech_support.Controllers.ReportController.GetDepartmentRequest (admin_sweetsoft_tech_support)' 
2024-12-30 15:13:31.5916 | INFO | Microsoft.AspNetCore.Mvc.Infrastructure.ControllerActionInvoker | Route matched with {action = "GetStatusRequest", controller = "Report"}. Executing controller action with signature System.Threading.Tasks.Task`1[Microsoft.AspNetCore.Mvc.IActionResult] GetStatusRequest(System.Nullable`1[System.DateTime], System.Nullable`1[System.DateTime]) on controller admin_sweetsoft_tech_support.Controllers.ReportController (admin_sweetsoft_tech_support). 
2024-12-30 15:13:31.5916 | INFO | Microsoft.AspNetCore.Mvc.Infrastructure.ControllerActionInvoker | Route matched with {action = "GetDepartmentRequest", controller = "Report"}. Executing controller action with signature System.Threading.Tasks.Task`1[Microsoft.AspNetCore.Mvc.IActionResult] GetDepartmentRequest(System.Nullable`1[System.DateTime], System.Nullable`1[System.DateTime]) on controller admin_sweetsoft_tech_support.Controllers.ReportController (admin_sweetsoft_tech_support). 
2024-12-30 15:13:31.6087 | INFO | Microsoft.EntityFrameworkCore.Database.Command | Executed DbCommand (10ms) [Parameters=[@__startDate_Value_0='?' (DbType = DateTime), @__endDate_Value_1='?' (DbType = DateTime)], CommandType='Text', CommandTimeout='30']
SELECT [t].[status] AS [Status], COUNT(*) AS [Count]
FROM [TblSupport_Requests] AS [t]
WHERE [t].[created_at] >= @__startDate_Value_0 AND [t].[created_at] <= @__endDate_Value_1
GROUP BY [t].[status] 
2024-12-30 15:13:31.6087 | INFO | Microsoft.AspNetCore.Mvc.Infrastructure.ObjectResultExecutor | Executing OkObjectResult, writing value of type '<>f__AnonymousType12`1[[System.Collections.Generic.List`1[[<>f__AnonymousType11`2[[System.Int16, System.Private.CoreLib, Version=8.0.0.0, Culture=neutral, PublicKeyToken=7cec85d7bea7798e],[System.Int32, System.Private.CoreLib, Version=8.0.0.0, Culture=neutral, PublicKeyToken=7cec85d7bea7798e]], admin_sweetsoft_tech_support, Version=1.0.0.0, Culture=neutral, PublicKeyToken=null]], System.Private.CoreLib, Version=8.0.0.0, Culture=neutral, PublicKeyToken=7cec85d7bea7798e]]'. 
2024-12-30 15:13:31.6087 | INFO | Microsoft.AspNetCore.Mvc.Infrastructure.ControllerActionInvoker | Executed action admin_sweetsoft_tech_support.Controllers.ReportController.GetStatusRequest (admin_sweetsoft_tech_support) in 12.672ms 
2024-12-30 15:13:31.6087 | INFO | Microsoft.AspNetCore.Routing.EndpointMiddleware | Executed endpoint 'admin_sweetsoft_tech_support.Controllers.ReportController.GetStatusRequest (admin_sweetsoft_tech_support)' 
2024-12-30 15:13:31.6087 | INFO | Microsoft.AspNetCore.Hosting.Diagnostics | Request finished HTTP/2 GET https://localhost:44351/api/requests/status-summary?startDate=2024-01-01&endDate=2024-12-31 - 200 - application/json;+charset=utf-8 20.7201ms 
2024-12-30 15:13:31.6087 | INFO | Microsoft.AspNetCore.Hosting.Diagnostics | Request starting HTTP/2 GET https://localhost:44351/api/requests/monthly?startDate=2024-01-01&endDate=2024-12-31 - - - 
2024-12-30 15:13:31.6087 | INFO | Microsoft.EntityFrameworkCore.Database.Command | Executed DbCommand (21ms) [Parameters=[@__startDate_0='?' (DbType = DateTime), @__endDate_1='?' (DbType = DateTime)], CommandType='Text', CommandTimeout='30']
SELECT [t].[department_id] AS [DepartmentId], (
    SELECT TOP(1) [t1].[department_name]
    FROM [TblSupport_Requests] AS [t0]
    LEFT JOIN [TblDepartments] AS [t1] ON [t0].[department_id] = [t1].[department_id]
    WHERE [t0].[created_at] >= @__startDate_0 AND [t0].[created_at] <= @__endDate_1 AND ([t].[department_id] = [t0].[department_id] OR ([t].[department_id] IS NULL AND [t0].[department_id] IS NULL))) AS [DepartmentName], COUNT(*) AS [Count]
FROM [TblSupport_Requests] AS [t]
WHERE [t].[created_at] >= @__startDate_0 AND [t].[created_at] <= @__endDate_1
GROUP BY [t].[department_id] 
2024-12-30 15:13:31.6087 | INFO | Microsoft.AspNetCore.Mvc.Infrastructure.ObjectResultExecutor | Executing OkObjectResult, writing value of type '<>f__AnonymousType15`1[[System.Collections.Generic.List`1[[<>f__AnonymousType14`4[[System.Nullable`1[[System.Int32, System.Private.CoreLib, Version=8.0.0.0, Culture=neutral, PublicKeyToken=7cec85d7bea7798e]], System.Private.CoreLib, Version=8.0.0.0, Culture=neutral, PublicKeyToken=7cec85d7bea7798e],[System.String, System.Private.CoreLib, Version=8.0.0.0, Culture=neutral, PublicKeyToken=7cec85d7bea7798e],[System.Int32, System.Private.CoreLib, Version=8.0.0.0, Culture=neutral, PublicKeyToken=7cec85d7bea7798e],[System.Double, System.Private.CoreLib, Version=8.0.0.0, Culture=neutral, PublicKeyToken=7cec85d7bea7798e]], admin_sweetsoft_tech_support, Version=1.0.0.0, Culture=neutral, PublicKeyToken=null]], System.Private.CoreLib, Version=8.0.0.0, Culture=neutral, PublicKeyToken=7cec85d7bea7798e]]'. 
2024-12-30 15:13:31.6087 | INFO | Microsoft.AspNetCore.Mvc.Infrastructure.ControllerActionInvoker | Executed action admin_sweetsoft_tech_support.Controllers.ReportController.GetDepartmentRequest (admin_sweetsoft_tech_support) in 23.7888ms 
2024-12-30 15:13:31.6087 | INFO | Microsoft.AspNetCore.Routing.EndpointMiddleware | Executed endpoint 'admin_sweetsoft_tech_support.Controllers.ReportController.GetDepartmentRequest (admin_sweetsoft_tech_support)' 
2024-12-30 15:13:31.6087 | INFO | Microsoft.AspNetCore.Hosting.Diagnostics | Request finished HTTP/2 GET https://localhost:44351/api/requests/department-summary?startDate=2024-01-01&endDate=2024-12-31 - 200 - application/json;+charset=utf-8 32.0348ms 
2024-12-30 15:13:31.6269 | INFO | Microsoft.EntityFrameworkCore.Database.Command | Executed DbCommand (8ms) [Parameters=[@__userId_0='?' (DbType = Int32)], CommandType='Text', CommandTimeout='30']
SELECT TOP(1) [t].[session_id], [t].[created_at], [t].[expires_at], [t].[session_token], [t].[user_id]
FROM [TblSessions] AS [t]
WHERE [t].[user_id] = @__userId_0 AND [t].[expires_at] > GETDATE() 
2024-12-30 15:13:31.6269 | INFO | Microsoft.AspNetCore.Routing.EndpointMiddleware | Executing endpoint 'admin_sweetsoft_tech_support.Controllers.ReportController.GetMonthlyRequestSummary (admin_sweetsoft_tech_support)' 
2024-12-30 15:13:31.6269 | INFO | Microsoft.AspNetCore.Mvc.Infrastructure.ControllerActionInvoker | Route matched with {action = "GetMonthlyRequestSummary", controller = "Report"}. Executing controller action with signature System.Threading.Tasks.Task`1[Microsoft.AspNetCore.Mvc.IActionResult] GetMonthlyRequestSummary(System.Nullable`1[System.DateTime], System.Nullable`1[System.DateTime]) on controller admin_sweetsoft_tech_support.Controllers.ReportController (admin_sweetsoft_tech_support). 
2024-12-30 15:13:31.6269 | INFO | Microsoft.EntityFrameworkCore.Database.Command | Executed DbCommand (5ms) [Parameters=[@__startDate_0='?' (DbType = DateTime), @__endDate_1='?' (DbType = DateTime)], CommandType='Text', CommandTimeout='30']
SELECT [t0].[Year], [t0].[Month], COUNT(*) AS [Count]
FROM (
    SELECT DATEPART(year, [t].[created_at]) AS [Year], DATEPART(month, [t].[created_at]) AS [Month]
    FROM [TblSupport_Requests] AS [t]
    WHERE [t].[created_at] >= @__startDate_0 AND [t].[created_at] <= @__endDate_1
) AS [t0]
GROUP BY [t0].[Year], [t0].[Month] 
2024-12-30 15:13:31.6269 | INFO | Microsoft.AspNetCore.Mvc.Infrastructure.ObjectResultExecutor | Executing OkObjectResult, writing value of type '<>f__AnonymousType10`1[[System.Collections.Generic.List`1[[<>f__AnonymousType9`3[[System.Int32, System.Private.CoreLib, Version=8.0.0.0, Culture=neutral, PublicKeyToken=7cec85d7bea7798e],[System.Int32, System.Private.CoreLib, Version=8.0.0.0, Culture=neutral, PublicKeyToken=7cec85d7bea7798e],[System.Int32, System.Private.CoreLib, Version=8.0.0.0, Culture=neutral, PublicKeyToken=7cec85d7bea7798e]], admin_sweetsoft_tech_support, Version=1.0.0.0, Culture=neutral, PublicKeyToken=null]], System.Private.CoreLib, Version=8.0.0.0, Culture=neutral, PublicKeyToken=7cec85d7bea7798e]]'. 
2024-12-30 15:13:31.6269 | INFO | Microsoft.AspNetCore.Mvc.Infrastructure.ControllerActionInvoker | Executed action admin_sweetsoft_tech_support.Controllers.ReportController.GetMonthlyRequestSummary (admin_sweetsoft_tech_support) in 7.4832ms 
2024-12-30 15:13:31.6269 | INFO | Microsoft.AspNetCore.Routing.EndpointMiddleware | Executed endpoint 'admin_sweetsoft_tech_support.Controllers.ReportController.GetMonthlyRequestSummary (admin_sweetsoft_tech_support)' 
2024-12-30 15:13:31.6269 | INFO | Microsoft.AspNetCore.Hosting.Diagnostics | Request finished HTTP/2 GET https://localhost:44351/api/requests/monthly?startDate=2024-01-01&endDate=2024-12-31 - 200 - application/json;+charset=utf-8 18.0671ms 
2024-12-30 15:13:57.5540 | INFO | Microsoft.AspNetCore.Hosting.Diagnostics | Request starting HTTP/2 GET https://localhost:44351/Admin/Logout - - - 
2024-12-30 15:13:57.5688 | INFO | Microsoft.EntityFrameworkCore.Database.Command | Executed DbCommand (10ms) [Parameters=[@__userId_0='?' (DbType = Int32)], CommandType='Text', CommandTimeout='30']
SELECT TOP(1) [t].[session_id], [t].[created_at], [t].[expires_at], [t].[session_token], [t].[user_id]
FROM [TblSessions] AS [t]
WHERE [t].[user_id] = @__userId_0 AND [t].[expires_at] > GETDATE() 
2024-12-30 15:13:57.5688 | INFO | Microsoft.AspNetCore.Routing.EndpointMiddleware | Executing endpoint 'admin_sweetsoft_tech_support.Controllers.AdminController.Logout (admin_sweetsoft_tech_support)' 
2024-12-30 15:13:57.5688 | INFO | Microsoft.AspNetCore.Mvc.Infrastructure.ControllerActionInvoker | Route matched with {action = "Logout", controller = "Admin"}. Executing controller action with signature System.Threading.Tasks.Task`1[Microsoft.AspNetCore.Mvc.IActionResult] Logout() on controller admin_sweetsoft_tech_support.Controllers.AdminController (admin_sweetsoft_tech_support). 
2024-12-30 15:13:57.5688 | INFO | admin_sweetsoft_tech_support.Controllers.AdminController | User Nguyễn Văn An (ID: 1) logged out at 12/30/2024 15:13:57. 
2024-12-30 15:13:57.5688 | INFO | Microsoft.AspNetCore.Authentication.Cookies.CookieAuthenticationHandler | AuthenticationScheme: Cookies signed out. 
2024-12-30 15:13:57.5688 | INFO | Microsoft.AspNetCore.Mvc.RedirectToActionResult | Executing RedirectResult, redirecting to /dang-nhap. 
2024-12-30 15:13:57.5688 | INFO | Microsoft.AspNetCore.Mvc.Infrastructure.ControllerActionInvoker | Executed action admin_sweetsoft_tech_support.Controllers.AdminController.Logout (admin_sweetsoft_tech_support) in 0.3894ms 
2024-12-30 15:13:57.5688 | INFO | Microsoft.AspNetCore.Routing.EndpointMiddleware | Executed endpoint 'admin_sweetsoft_tech_support.Controllers.AdminController.Logout (admin_sweetsoft_tech_support)' 
2024-12-30 15:13:57.5688 | INFO | Microsoft.AspNetCore.Hosting.Diagnostics | Request finished HTTP/2 GET https://localhost:44351/Admin/Logout - 302 - - 15.9000ms 
2024-12-30 15:13:57.5688 | INFO | Microsoft.AspNetCore.Hosting.Diagnostics | Request starting HTTP/2 GET https://localhost:44351/dang-nhap - - - 
2024-12-30 15:13:57.5688 | INFO | Microsoft.AspNetCore.Routing.EndpointMiddleware | Executing endpoint 'admin_sweetsoft_tech_support.Controllers.AdminController.Login (admin_sweetsoft_tech_support)' 
2024-12-30 15:13:57.5688 | INFO | Microsoft.AspNetCore.Mvc.Infrastructure.ControllerActionInvoker | Route matched with {action = "Login", controller = "Admin"}. Executing controller action with signature Microsoft.AspNetCore.Mvc.IActionResult Login() on controller admin_sweetsoft_tech_support.Controllers.AdminController (admin_sweetsoft_tech_support). 
2024-12-30 15:13:57.5688 | INFO | Microsoft.AspNetCore.Mvc.ViewFeatures.ViewResultExecutor | Executing ViewResult, running view Login. 
2024-12-30 15:13:57.5688 | INFO | Microsoft.AspNetCore.Mvc.ViewFeatures.ViewResultExecutor | Executed ViewResult - view Login executed in 0.7431ms. 
2024-12-30 15:13:57.5688 | INFO | Microsoft.AspNetCore.Mvc.Infrastructure.ControllerActionInvoker | Executed action admin_sweetsoft_tech_support.Controllers.AdminController.Login (admin_sweetsoft_tech_support) in 0.9373ms 
2024-12-30 15:13:57.5688 | INFO | Microsoft.AspNetCore.Routing.EndpointMiddleware | Executed endpoint 'admin_sweetsoft_tech_support.Controllers.AdminController.Login (admin_sweetsoft_tech_support)' 
2024-12-30 15:13:57.5688 | WARN | Microsoft.WebTools.BrowserLink.Net.BrowserLinkMiddleware | Unable to configure Browser Link script injection on the response.  
2024-12-30 15:13:57.5688 | WARN | Microsoft.AspNetCore.Watch.BrowserRefresh.BrowserRefreshMiddleware | Unable to configure browser refresh script injection on the response. Consider manually adding '<script src="/_framework/aspnetcore-browser-refresh.js"></script>' to the body of the page. 
2024-12-30 15:13:57.5688 | INFO | Microsoft.AspNetCore.Hosting.Diagnostics | Request finished HTTP/2 GET https://localhost:44351/dang-nhap - 200 - text/html;+charset=utf-8 2.6046ms 
2024-12-30 15:18:59.6145 | INFO | Microsoft.AspNetCore.DataProtection.KeyManagement.XmlKeyManager | TableName=, ActionType=, ChangedBy=, OldValue=, NewValue=
2024-12-30 15:18:59.6846 | INFO | Microsoft.Hosting.Lifetime | TableName=, ActionType=, ChangedBy=, OldValue=, NewValue=
2024-12-30 15:18:59.6846 | INFO | Microsoft.Hosting.Lifetime | TableName=, ActionType=, ChangedBy=, OldValue=, NewValue=
2024-12-30 15:18:59.6846 | INFO | Microsoft.Hosting.Lifetime | TableName=, ActionType=, ChangedBy=, OldValue=, NewValue=
2024-12-30 15:18:59.7117 | INFO | Microsoft.AspNetCore.Hosting.Diagnostics | TableName=, ActionType=, ChangedBy=, OldValue=, NewValue=
2024-12-30 15:19:00.4092 | INFO | Microsoft.AspNetCore.Routing.EndpointMiddleware | TableName=, ActionType=, ChangedBy=, OldValue=, NewValue=
2024-12-30 15:19:00.4092 | INFO | Microsoft.AspNetCore.Mvc.Infrastructure.ControllerActionInvoker | TableName=, ActionType=, ChangedBy=, OldValue=, NewValue=
2024-12-30 15:19:00.4443 | INFO | Microsoft.AspNetCore.Mvc.ViewFeatures.ViewResultExecutor | TableName=, ActionType=, ChangedBy=, OldValue=, NewValue=
2024-12-30 15:19:00.5152 | INFO | Microsoft.AspNetCore.Mvc.ViewFeatures.ViewResultExecutor | TableName=, ActionType=, ChangedBy=, OldValue=, NewValue=
2024-12-30 15:19:00.5152 | INFO | Microsoft.AspNetCore.Mvc.Infrastructure.ControllerActionInvoker | TableName=, ActionType=, ChangedBy=, OldValue=, NewValue=
2024-12-30 15:19:00.5152 | INFO | Microsoft.AspNetCore.Routing.EndpointMiddleware | TableName=, ActionType=, ChangedBy=, OldValue=, NewValue=
2024-12-30 15:19:00.5152 | WARN | Microsoft.WebTools.BrowserLink.Net.BrowserLinkMiddleware | TableName=, ActionType=, ChangedBy=, OldValue=, NewValue=
2024-12-30 15:19:00.5152 | WARN | Microsoft.AspNetCore.Watch.BrowserRefresh.BrowserRefreshMiddleware | TableName=, ActionType=, ChangedBy=, OldValue=, NewValue=
2024-12-30 15:19:00.5152 | INFO | Microsoft.AspNetCore.Hosting.Diagnostics | TableName=, ActionType=, ChangedBy=, OldValue=, NewValue=
2024-12-30 15:19:22.9330 | INFO | Microsoft.AspNetCore.Hosting.Diagnostics | TableName=, ActionType=, ChangedBy=, OldValue=, NewValue=
2024-12-30 15:19:22.9394 | INFO | Microsoft.AspNetCore.Routing.EndpointMiddleware | TableName=, ActionType=, ChangedBy=, OldValue=, NewValue=
2024-12-30 15:19:22.9615 | INFO | Microsoft.AspNetCore.Mvc.Infrastructure.ControllerActionInvoker | TableName=, ActionType=, ChangedBy=, OldValue=, NewValue=
2024-12-30 15:19:24.1644 | INFO | Microsoft.EntityFrameworkCore.Database.Command | TableName=, ActionType=, ChangedBy=, OldValue=, NewValue=
2024-12-30 15:19:25.1366 | INFO | Microsoft.EntityFrameworkCore.Database.Command | TableName=, ActionType=, ChangedBy=, OldValue=, NewValue=
2024-12-30 15:19:25.1403 | INFO | admin_sweetsoft_tech_support.Controllers.AdminController | TableName=, ActionType=, ChangedBy=, OldValue=, NewValue=
2024-12-30 15:19:25.1543 | INFO | Microsoft.EntityFrameworkCore.Database.Command | TableName=, ActionType=, ChangedBy=, OldValue=, NewValue=
2024-12-30 15:19:25.1861 | INFO | Microsoft.EntityFrameworkCore.Database.Command | TableName=, ActionType=, ChangedBy=, OldValue=, NewValue=
2024-12-30 15:19:25.1861 | INFO | Microsoft.EntityFrameworkCore.Database.Command | TableName=, ActionType=, ChangedBy=, OldValue=, NewValue=
2024-12-30 15:19:25.2171 | INFO | Microsoft.EntityFrameworkCore.Database.Command | TableName=, ActionType=, ChangedBy=, OldValue=, NewValue=
2024-12-30 15:19:25.2171 | INFO | Microsoft.AspNetCore.Authentication.Cookies.CookieAuthenticationHandler | TableName=, ActionType=, ChangedBy=, OldValue=, NewValue=
2024-12-30 15:19:25.2171 | INFO | Microsoft.AspNetCore.Mvc.RedirectToActionResult | TableName=, ActionType=, ChangedBy=, OldValue=, NewValue=
2024-12-30 15:19:25.2329 | INFO | Microsoft.AspNetCore.Mvc.Infrastructure.ControllerActionInvoker | TableName=, ActionType=, ChangedBy=, OldValue=, NewValue=
2024-12-30 15:19:25.2329 | INFO | Microsoft.AspNetCore.Routing.EndpointMiddleware | TableName=, ActionType=, ChangedBy=, OldValue=, NewValue=
2024-12-30 15:19:25.2329 | INFO | Microsoft.AspNetCore.Hosting.Diagnostics | TableName=, ActionType=, ChangedBy=, OldValue=, NewValue=
2024-12-30 15:19:25.2329 | INFO | Microsoft.AspNetCore.Hosting.Diagnostics | TableName=, ActionType=, ChangedBy=, OldValue=, NewValue=
2024-12-30 15:19:25.2513 | INFO | Microsoft.EntityFrameworkCore.Database.Command | TableName=, ActionType=, ChangedBy=, OldValue=, NewValue=
2024-12-30 15:19:25.2513 | INFO | Microsoft.AspNetCore.Routing.EndpointMiddleware | TableName=, ActionType=, ChangedBy=, OldValue=, NewValue=
2024-12-30 15:19:25.2513 | INFO | Microsoft.AspNetCore.Mvc.Infrastructure.ControllerActionInvoker | TableName=, ActionType=, ChangedBy=, OldValue=, NewValue=
2024-12-30 15:19:25.3585 | INFO | Microsoft.EntityFrameworkCore.Database.Command | TableName=, ActionType=, ChangedBy=, OldValue=, NewValue=
2024-12-30 15:19:25.3585 | INFO | Microsoft.AspNetCore.Mvc.ViewFeatures.ViewResultExecutor | TableName=, ActionType=, ChangedBy=, OldValue=, NewValue=
2024-12-30 15:19:25.4062 | INFO | Microsoft.EntityFrameworkCore.Database.Command | TableName=, ActionType=, ChangedBy=, OldValue=, NewValue=
2024-12-30 15:19:25.4206 | INFO | Microsoft.EntityFrameworkCore.Database.Command | TableName=, ActionType=, ChangedBy=, OldValue=, NewValue=
2024-12-30 15:19:25.4358 | INFO | Microsoft.AspNetCore.Mvc.ViewFeatures.ViewResultExecutor | TableName=, ActionType=, ChangedBy=, OldValue=, NewValue=
2024-12-30 15:19:25.4358 | INFO | Microsoft.AspNetCore.Mvc.Infrastructure.ControllerActionInvoker | TableName=, ActionType=, ChangedBy=, OldValue=, NewValue=
2024-12-30 15:19:25.4358 | INFO | Microsoft.AspNetCore.Routing.EndpointMiddleware | TableName=, ActionType=, ChangedBy=, OldValue=, NewValue=
2024-12-30 15:19:25.4358 | INFO | Microsoft.AspNetCore.Hosting.Diagnostics | TableName=, ActionType=, ChangedBy=, OldValue=, NewValue=
2024-12-30 15:19:25.4636 | INFO | Microsoft.AspNetCore.Hosting.Diagnostics | TableName=, ActionType=, ChangedBy=, OldValue=, NewValue=
2024-12-30 15:19:25.4636 | INFO | Microsoft.AspNetCore.Hosting.Diagnostics | TableName=, ActionType=, ChangedBy=, OldValue=, NewValue=
2024-12-30 15:19:25.4691 | INFO | Microsoft.AspNetCore.Hosting.Diagnostics | TableName=, ActionType=, ChangedBy=, OldValue=, NewValue=
2024-12-30 15:19:25.4691 | INFO | Microsoft.AspNetCore.Hosting.Diagnostics | TableName=, ActionType=, ChangedBy=, OldValue=, NewValue=
2024-12-30 15:19:25.5168 | INFO | Microsoft.AspNetCore.Hosting.Diagnostics | TableName=, ActionType=, ChangedBy=, OldValue=, NewValue=
2024-12-30 15:19:25.5168 | INFO | Microsoft.AspNetCore.Hosting.Diagnostics | TableName=, ActionType=, ChangedBy=, OldValue=, NewValue=
2024-12-30 15:19:25.5168 | INFO | Microsoft.AspNetCore.Hosting.Diagnostics | TableName=, ActionType=, ChangedBy=, OldValue=, NewValue=
2024-12-30 15:19:25.5168 | INFO | Microsoft.EntityFrameworkCore.Database.Command | TableName=, ActionType=, ChangedBy=, OldValue=, NewValue=
2024-12-30 15:19:25.5298 | INFO | Microsoft.AspNetCore.Hosting.Diagnostics | TableName=, ActionType=, ChangedBy=, OldValue=, NewValue=
2024-12-30 15:19:25.5298 | INFO | Microsoft.AspNetCore.Hosting.Diagnostics | TableName=, ActionType=, ChangedBy=, OldValue=, NewValue=
2024-12-30 15:19:25.5298 | INFO | Microsoft.EntityFrameworkCore.Database.Command | TableName=, ActionType=, ChangedBy=, OldValue=, NewValue=
2024-12-30 15:19:25.5298 | INFO | Microsoft.EntityFrameworkCore.Database.Command | TableName=, ActionType=, ChangedBy=, OldValue=, NewValue=
2024-12-30 15:19:25.5298 | INFO | Microsoft.AspNetCore.Routing.EndpointMiddleware | TableName=, ActionType=, ChangedBy=, OldValue=, NewValue=
2024-12-30 15:19:25.5298 | INFO | Microsoft.AspNetCore.Routing.EndpointMiddleware | TableName=, ActionType=, ChangedBy=, OldValue=, NewValue=
2024-12-30 15:19:25.5298 | INFO | Microsoft.AspNetCore.Mvc.Infrastructure.ControllerActionInvoker | TableName=, ActionType=, ChangedBy=, OldValue=, NewValue=
2024-12-30 15:19:25.5298 | INFO | Microsoft.AspNetCore.Mvc.Infrastructure.ControllerActionInvoker | TableName=, ActionType=, ChangedBy=, OldValue=, NewValue=
2024-12-30 15:19:25.5457 | INFO | Microsoft.EntityFrameworkCore.Database.Command | TableName=, ActionType=, ChangedBy=, OldValue=, NewValue=
2024-12-30 15:19:25.5608 | INFO | Microsoft.EntityFrameworkCore.Database.Command | TableName=, ActionType=, ChangedBy=, OldValue=, NewValue=
2024-12-30 15:19:25.5608 | INFO | Microsoft.AspNetCore.Hosting.Diagnostics | TableName=, ActionType=, ChangedBy=, OldValue=, NewValue=
2024-12-30 15:19:25.5608 | INFO | Microsoft.AspNetCore.Mvc.Infrastructure.ObjectResultExecutor | TableName=, ActionType=, ChangedBy=, OldValue=, NewValue=
2024-12-30 15:19:25.5608 | INFO | Microsoft.AspNetCore.Mvc.Infrastructure.ObjectResultExecutor | TableName=, ActionType=, ChangedBy=, OldValue=, NewValue=
2024-12-30 15:19:25.5608 | INFO | Microsoft.EntityFrameworkCore.Database.Command | TableName=, ActionType=, ChangedBy=, OldValue=, NewValue=
2024-12-30 15:19:25.5608 | INFO | Microsoft.AspNetCore.Routing.EndpointMiddleware | TableName=, ActionType=, ChangedBy=, OldValue=, NewValue=
2024-12-30 15:19:25.5608 | INFO | Microsoft.AspNetCore.Mvc.Infrastructure.ControllerActionInvoker | TableName=, ActionType=, ChangedBy=, OldValue=, NewValue=
2024-12-30 15:19:25.5796 | INFO | Microsoft.AspNetCore.Mvc.Infrastructure.ControllerActionInvoker | TableName=, ActionType=, ChangedBy=, OldValue=, NewValue=
2024-12-30 15:19:25.5796 | INFO | Microsoft.AspNetCore.Routing.EndpointMiddleware | TableName=, ActionType=, ChangedBy=, OldValue=, NewValue=
2024-12-30 15:19:25.5796 | INFO | Microsoft.AspNetCore.Hosting.Diagnostics | TableName=, ActionType=, ChangedBy=, OldValue=, NewValue=
2024-12-30 15:19:25.5926 | INFO | Microsoft.EntityFrameworkCore.Database.Command | TableName=, ActionType=, ChangedBy=, OldValue=, NewValue=
2024-12-30 15:19:25.5926 | INFO | Microsoft.AspNetCore.Mvc.Infrastructure.ObjectResultExecutor | TableName=, ActionType=, ChangedBy=, OldValue=, NewValue=
2024-12-30 15:19:25.5926 | INFO | Microsoft.AspNetCore.Mvc.Infrastructure.ControllerActionInvoker | TableName=, ActionType=, ChangedBy=, OldValue=, NewValue=
2024-12-30 15:19:25.5926 | INFO | Microsoft.AspNetCore.Routing.EndpointMiddleware | TableName=, ActionType=, ChangedBy=, OldValue=, NewValue=
2024-12-30 15:19:25.5926 | INFO | Microsoft.AspNetCore.Hosting.Diagnostics | TableName=, ActionType=, ChangedBy=, OldValue=, NewValue=
2024-12-30 15:19:25.5926 | INFO | Microsoft.AspNetCore.Mvc.Infrastructure.ControllerActionInvoker | TableName=, ActionType=, ChangedBy=, OldValue=, NewValue=
2024-12-30 15:19:25.5926 | INFO | Microsoft.AspNetCore.Routing.EndpointMiddleware | TableName=, ActionType=, ChangedBy=, OldValue=, NewValue=
2024-12-30 15:19:25.5926 | INFO | Microsoft.AspNetCore.Hosting.Diagnostics | TableName=, ActionType=, ChangedBy=, OldValue=, NewValue=
2024-12-30 15:19:33.7545 | INFO | Microsoft.AspNetCore.Hosting.Diagnostics | TableName=, ActionType=, ChangedBy=, OldValue=, NewValue=
2024-12-30 15:19:33.7545 | INFO | Microsoft.EntityFrameworkCore.Database.Command | TableName=, ActionType=, ChangedBy=, OldValue=, NewValue=
2024-12-30 15:19:33.7545 | INFO | Microsoft.AspNetCore.Routing.EndpointMiddleware | TableName=, ActionType=, ChangedBy=, OldValue=, NewValue=
2024-12-30 15:19:33.7671 | INFO | Microsoft.AspNetCore.Mvc.Infrastructure.ControllerActionInvoker | TableName=, ActionType=, ChangedBy=, OldValue=, NewValue=
2024-12-30 15:19:33.7671 | INFO | admin_sweetsoft_tech_support.Controllers.AdminController | TableName=, ActionType=, ChangedBy=, OldValue=, NewValue=
2024-12-30 15:19:33.7671 | INFO | Microsoft.AspNetCore.Authentication.Cookies.CookieAuthenticationHandler | TableName=, ActionType=, ChangedBy=, OldValue=, NewValue=
2024-12-30 15:19:33.7671 | INFO | Microsoft.AspNetCore.Mvc.RedirectToActionResult | TableName=, ActionType=, ChangedBy=, OldValue=, NewValue=
2024-12-30 15:19:33.7671 | INFO | Microsoft.AspNetCore.Mvc.Infrastructure.ControllerActionInvoker | TableName=, ActionType=, ChangedBy=, OldValue=, NewValue=
2024-12-30 15:19:33.7671 | INFO | Microsoft.AspNetCore.Routing.EndpointMiddleware | TableName=, ActionType=, ChangedBy=, OldValue=, NewValue=
2024-12-30 15:19:33.7671 | INFO | Microsoft.AspNetCore.Hosting.Diagnostics | TableName=, ActionType=, ChangedBy=, OldValue=, NewValue=
2024-12-30 15:19:33.7671 | INFO | Microsoft.AspNetCore.Hosting.Diagnostics | TableName=, ActionType=, ChangedBy=, OldValue=, NewValue=
2024-12-30 15:19:33.7671 | INFO | Microsoft.AspNetCore.Routing.EndpointMiddleware | TableName=, ActionType=, ChangedBy=, OldValue=, NewValue=
2024-12-30 15:19:33.7671 | INFO | Microsoft.AspNetCore.Mvc.Infrastructure.ControllerActionInvoker | TableName=, ActionType=, ChangedBy=, OldValue=, NewValue=
2024-12-30 15:19:33.7671 | INFO | Microsoft.AspNetCore.Mvc.ViewFeatures.ViewResultExecutor | TableName=, ActionType=, ChangedBy=, OldValue=, NewValue=
2024-12-30 15:19:33.7671 | INFO | Microsoft.AspNetCore.Mvc.ViewFeatures.ViewResultExecutor | TableName=, ActionType=, ChangedBy=, OldValue=, NewValue=
2024-12-30 15:19:33.7671 | INFO | Microsoft.AspNetCore.Mvc.Infrastructure.ControllerActionInvoker | TableName=, ActionType=, ChangedBy=, OldValue=, NewValue=
2024-12-30 15:19:33.7671 | INFO | Microsoft.AspNetCore.Routing.EndpointMiddleware | TableName=, ActionType=, ChangedBy=, OldValue=, NewValue=
2024-12-30 15:19:33.7671 | WARN | Microsoft.WebTools.BrowserLink.Net.BrowserLinkMiddleware | TableName=, ActionType=, ChangedBy=, OldValue=, NewValue=
2024-12-30 15:19:33.7671 | WARN | Microsoft.AspNetCore.Watch.BrowserRefresh.BrowserRefreshMiddleware | TableName=, ActionType=, ChangedBy=, OldValue=, NewValue=
2024-12-30 15:19:33.7671 | INFO | Microsoft.AspNetCore.Hosting.Diagnostics | TableName=, ActionType=, ChangedBy=, OldValue=, NewValue=
2024-12-30 15:21:58.6442 | INFO | Microsoft.AspNetCore.DataProtection.KeyManagement.XmlKeyManager | TableName=, ActionType=, ChangedBy=, OldValue=, NewValue=
2024-12-30 15:21:58.6925 | INFO | Microsoft.Hosting.Lifetime | TableName=, ActionType=, ChangedBy=, OldValue=, NewValue=
2024-12-30 15:21:58.6925 | INFO | Microsoft.Hosting.Lifetime | TableName=, ActionType=, ChangedBy=, OldValue=, NewValue=
2024-12-30 15:21:58.6925 | INFO | Microsoft.Hosting.Lifetime | TableName=, ActionType=, ChangedBy=, OldValue=, NewValue=
2024-12-30 15:21:58.7084 | INFO | Microsoft.AspNetCore.Hosting.Diagnostics | TableName=, ActionType=, ChangedBy=, OldValue=, NewValue=
2024-12-30 15:21:58.8513 | INFO | Microsoft.AspNetCore.Routing.EndpointMiddleware | TableName=, ActionType=, ChangedBy=, OldValue=, NewValue=
2024-12-30 15:21:58.8581 | INFO | Microsoft.AspNetCore.Mvc.Infrastructure.ControllerActionInvoker | TableName=, ActionType=, ChangedBy=, OldValue=, NewValue=
2024-12-30 15:21:58.8893 | INFO | Microsoft.AspNetCore.Mvc.ViewFeatures.ViewResultExecutor | TableName=, ActionType=, ChangedBy=, OldValue=, NewValue=
2024-12-30 15:21:58.9418 | INFO | Microsoft.AspNetCore.Mvc.ViewFeatures.ViewResultExecutor | TableName=, ActionType=, ChangedBy=, OldValue=, NewValue=
2024-12-30 15:21:58.9418 | INFO | Microsoft.AspNetCore.Mvc.Infrastructure.ControllerActionInvoker | TableName=, ActionType=, ChangedBy=, OldValue=, NewValue=
2024-12-30 15:21:58.9418 | INFO | Microsoft.AspNetCore.Routing.EndpointMiddleware | TableName=, ActionType=, ChangedBy=, OldValue=, NewValue=
2024-12-30 15:21:58.9418 | WARN | Microsoft.WebTools.BrowserLink.Net.BrowserLinkMiddleware | TableName=, ActionType=, ChangedBy=, OldValue=, NewValue=
2024-12-30 15:21:58.9418 | WARN | Microsoft.AspNetCore.Watch.BrowserRefresh.BrowserRefreshMiddleware | TableName=, ActionType=, ChangedBy=, OldValue=, NewValue=
2024-12-30 15:21:58.9418 | INFO | Microsoft.AspNetCore.Hosting.Diagnostics | TableName=, ActionType=, ChangedBy=, OldValue=, NewValue=
2024-12-30 15:22:11.4941 | INFO | Microsoft.AspNetCore.Hosting.Diagnostics | TableName=, ActionType=, ChangedBy=, OldValue=, NewValue=
2024-12-30 15:22:11.4985 | INFO | Microsoft.AspNetCore.Routing.EndpointMiddleware | TableName=, ActionType=, ChangedBy=, OldValue=, NewValue=
2024-12-30 15:22:11.5197 | INFO | Microsoft.AspNetCore.Mvc.Infrastructure.ControllerActionInvoker | TableName=, ActionType=, ChangedBy=, OldValue=, NewValue=
2024-12-30 15:22:12.5193 | INFO | Microsoft.EntityFrameworkCore.Database.Command | TableName=, ActionType=, ChangedBy=, OldValue=, NewValue=
2024-12-30 15:22:13.5684 | INFO | Microsoft.EntityFrameworkCore.Database.Command | TableName=, ActionType=, ChangedBy=, OldValue=, NewValue=
2024-12-30 15:22:13.5761 | INFO | admin_sweetsoft_tech_support.Controllers.AdminController | TableName=, ActionType=, ChangedBy=, OldValue=, NewValue=
2024-12-30 15:22:13.5761 | INFO | Microsoft.EntityFrameworkCore.Database.Command | TableName=, ActionType=, ChangedBy=, OldValue=, NewValue=
2024-12-30 15:22:13.6092 | INFO | Microsoft.EntityFrameworkCore.Database.Command | TableName=, ActionType=, ChangedBy=, OldValue=, NewValue=
2024-12-30 15:22:13.6092 | INFO | Microsoft.EntityFrameworkCore.Database.Command | TableName=, ActionType=, ChangedBy=, OldValue=, NewValue=
2024-12-30 15:22:13.6233 | INFO | Microsoft.EntityFrameworkCore.Database.Command | TableName=, ActionType=, ChangedBy=, OldValue=, NewValue=
2024-12-30 15:22:13.6395 | INFO | Microsoft.AspNetCore.Authentication.Cookies.CookieAuthenticationHandler | TableName=, ActionType=, ChangedBy=, OldValue=, NewValue=
2024-12-30 15:22:13.6395 | INFO | Microsoft.AspNetCore.Mvc.RedirectToActionResult | TableName=, ActionType=, ChangedBy=, OldValue=, NewValue=
2024-12-30 15:22:13.6395 | INFO | Microsoft.AspNetCore.Mvc.Infrastructure.ControllerActionInvoker | TableName=, ActionType=, ChangedBy=, OldValue=, NewValue=
2024-12-30 15:22:13.6395 | INFO | Microsoft.AspNetCore.Routing.EndpointMiddleware | TableName=, ActionType=, ChangedBy=, OldValue=, NewValue=
2024-12-30 15:22:13.6395 | INFO | Microsoft.AspNetCore.Hosting.Diagnostics | TableName=, ActionType=, ChangedBy=, OldValue=, NewValue=
2024-12-30 15:22:13.6395 | INFO | Microsoft.AspNetCore.Hosting.Diagnostics | TableName=, ActionType=, ChangedBy=, OldValue=, NewValue=
2024-12-30 15:22:13.6886 | INFO | Microsoft.EntityFrameworkCore.Database.Command | TableName=, ActionType=, ChangedBy=, OldValue=, NewValue=
2024-12-30 15:22:13.6886 | INFO | Microsoft.AspNetCore.Routing.EndpointMiddleware | TableName=, ActionType=, ChangedBy=, OldValue=, NewValue=
2024-12-30 15:22:13.6886 | INFO | Microsoft.AspNetCore.Mvc.Infrastructure.ControllerActionInvoker | TableName=, ActionType=, ChangedBy=, OldValue=, NewValue=
2024-12-30 15:22:13.8267 | INFO | Microsoft.EntityFrameworkCore.Database.Command | TableName=, ActionType=, ChangedBy=, OldValue=, NewValue=
2024-12-30 15:22:13.8267 | INFO | Microsoft.AspNetCore.Mvc.ViewFeatures.ViewResultExecutor | TableName=, ActionType=, ChangedBy=, OldValue=, NewValue=
2024-12-30 15:22:13.9279 | INFO | Microsoft.EntityFrameworkCore.Database.Command | TableName=, ActionType=, ChangedBy=, OldValue=, NewValue=
2024-12-30 15:22:13.9518 | INFO | Microsoft.EntityFrameworkCore.Database.Command | TableName=, ActionType=, ChangedBy=, OldValue=, NewValue=
2024-12-30 15:22:13.9675 | INFO | Microsoft.AspNetCore.Mvc.ViewFeatures.ViewResultExecutor | TableName=, ActionType=, ChangedBy=, OldValue=, NewValue=
2024-12-30 15:22:13.9675 | INFO | Microsoft.AspNetCore.Mvc.Infrastructure.ControllerActionInvoker | TableName=, ActionType=, ChangedBy=, OldValue=, NewValue=
2024-12-30 15:22:13.9675 | INFO | Microsoft.AspNetCore.Routing.EndpointMiddleware | TableName=, ActionType=, ChangedBy=, OldValue=, NewValue=
2024-12-30 15:22:13.9675 | INFO | Microsoft.AspNetCore.Hosting.Diagnostics | TableName=, ActionType=, ChangedBy=, OldValue=, NewValue=
2024-12-30 15:22:13.9980 | INFO | Microsoft.AspNetCore.Hosting.Diagnostics | TableName=, ActionType=, ChangedBy=, OldValue=, NewValue=
2024-12-30 15:22:13.9999 | INFO | Microsoft.AspNetCore.Hosting.Diagnostics | TableName=, ActionType=, ChangedBy=, OldValue=, NewValue=
2024-12-30 15:22:13.9999 | INFO | Microsoft.AspNetCore.Hosting.Diagnostics | TableName=, ActionType=, ChangedBy=, OldValue=, NewValue=
2024-12-30 15:22:13.9999 | INFO | Microsoft.AspNetCore.Hosting.Diagnostics | TableName=, ActionType=, ChangedBy=, OldValue=, NewValue=
2024-12-30 15:22:14.0260 | INFO | Microsoft.AspNetCore.Hosting.Diagnostics | TableName=, ActionType=, ChangedBy=, OldValue=, NewValue=
2024-12-30 15:22:14.0459 | INFO | Microsoft.AspNetCore.Hosting.Diagnostics | TableName=, ActionType=, ChangedBy=, OldValue=, NewValue=
2024-12-30 15:22:14.0459 | INFO | Microsoft.AspNetCore.Hosting.Diagnostics | TableName=, ActionType=, ChangedBy=, OldValue=, NewValue=
2024-12-30 15:22:14.0633 | INFO | Microsoft.EntityFrameworkCore.Database.Command | TableName=, ActionType=, ChangedBy=, OldValue=, NewValue=
2024-12-30 15:22:14.0633 | INFO | Microsoft.AspNetCore.Hosting.Diagnostics | TableName=, ActionType=, ChangedBy=, OldValue=, NewValue=
2024-12-30 15:22:14.0633 | INFO | Microsoft.AspNetCore.Hosting.Diagnostics | TableName=, ActionType=, ChangedBy=, OldValue=, NewValue=
2024-12-30 15:22:14.0633 | INFO | Microsoft.EntityFrameworkCore.Database.Command | TableName=, ActionType=, ChangedBy=, OldValue=, NewValue=
2024-12-30 15:22:14.0633 | INFO | Microsoft.EntityFrameworkCore.Database.Command | TableName=, ActionType=, ChangedBy=, OldValue=, NewValue=
2024-12-30 15:22:14.0633 | INFO | Microsoft.AspNetCore.Routing.EndpointMiddleware | TableName=, ActionType=, ChangedBy=, OldValue=, NewValue=
2024-12-30 15:22:14.0633 | INFO | Microsoft.AspNetCore.Routing.EndpointMiddleware | TableName=, ActionType=, ChangedBy=, OldValue=, NewValue=
2024-12-30 15:22:14.0633 | INFO | Microsoft.AspNetCore.Mvc.Infrastructure.ControllerActionInvoker | TableName=, ActionType=, ChangedBy=, OldValue=, NewValue=
2024-12-30 15:22:14.0633 | INFO | Microsoft.AspNetCore.Mvc.Infrastructure.ControllerActionInvoker | TableName=, ActionType=, ChangedBy=, OldValue=, NewValue=
2024-12-30 15:22:14.0936 | INFO | Microsoft.AspNetCore.Hosting.Diagnostics | TableName=, ActionType=, ChangedBy=, OldValue=, NewValue=
2024-12-30 15:22:14.0936 | INFO | Microsoft.EntityFrameworkCore.Database.Command | TableName=, ActionType=, ChangedBy=, OldValue=, NewValue=
2024-12-30 15:22:14.0936 | INFO | Microsoft.EntityFrameworkCore.Database.Command | TableName=, ActionType=, ChangedBy=, OldValue=, NewValue=
2024-12-30 15:22:14.0936 | INFO | Microsoft.EntityFrameworkCore.Database.Command | TableName=, ActionType=, ChangedBy=, OldValue=, NewValue=
2024-12-30 15:22:14.0936 | INFO | Microsoft.AspNetCore.Mvc.Infrastructure.ObjectResultExecutor | TableName=, ActionType=, ChangedBy=, OldValue=, NewValue=
2024-12-30 15:22:14.0936 | INFO | Microsoft.AspNetCore.Mvc.Infrastructure.ObjectResultExecutor | TableName=, ActionType=, ChangedBy=, OldValue=, NewValue=
2024-12-30 15:22:14.0936 | INFO | Microsoft.AspNetCore.Routing.EndpointMiddleware | TableName=, ActionType=, ChangedBy=, OldValue=, NewValue=
2024-12-30 15:22:14.1118 | INFO | Microsoft.AspNetCore.Mvc.Infrastructure.ControllerActionInvoker | TableName=, ActionType=, ChangedBy=, OldValue=, NewValue=
2024-12-30 15:22:14.1295 | INFO | Microsoft.AspNetCore.Mvc.Infrastructure.ControllerActionInvoker | TableName=, ActionType=, ChangedBy=, OldValue=, NewValue=
2024-12-30 15:22:14.1295 | INFO | Microsoft.AspNetCore.Routing.EndpointMiddleware | TableName=, ActionType=, ChangedBy=, OldValue=, NewValue=
2024-12-30 15:22:14.1295 | INFO | Microsoft.AspNetCore.Hosting.Diagnostics | TableName=, ActionType=, ChangedBy=, OldValue=, NewValue=
2024-12-30 15:22:14.1409 | INFO | Microsoft.AspNetCore.Mvc.Infrastructure.ControllerActionInvoker | TableName=, ActionType=, ChangedBy=, OldValue=, NewValue=
2024-12-30 15:22:14.1409 | INFO | Microsoft.AspNetCore.Routing.EndpointMiddleware | TableName=, ActionType=, ChangedBy=, OldValue=, NewValue=
2024-12-30 15:22:14.1409 | INFO | Microsoft.AspNetCore.Hosting.Diagnostics | TableName=, ActionType=, ChangedBy=, OldValue=, NewValue=
2024-12-30 15:22:14.1835 | INFO | Microsoft.EntityFrameworkCore.Database.Command | TableName=, ActionType=, ChangedBy=, OldValue=, NewValue=
2024-12-30 15:22:14.1873 | INFO | Microsoft.AspNetCore.Mvc.Infrastructure.ObjectResultExecutor | TableName=, ActionType=, ChangedBy=, OldValue=, NewValue=
2024-12-30 15:22:14.1873 | INFO | Microsoft.AspNetCore.Mvc.Infrastructure.ControllerActionInvoker | TableName=, ActionType=, ChangedBy=, OldValue=, NewValue=
2024-12-30 15:22:14.1873 | INFO | Microsoft.AspNetCore.Routing.EndpointMiddleware | TableName=, ActionType=, ChangedBy=, OldValue=, NewValue=
2024-12-30 15:22:14.1873 | INFO | Microsoft.AspNetCore.Hosting.Diagnostics | TableName=, ActionType=, ChangedBy=, OldValue=, NewValue=
2024-12-30 15:24:31.7402 | INFO | Microsoft.AspNetCore.DataProtection.KeyManagement.XmlKeyManager | TableName=, ActionType=, ChangedBy=, OldValue=, NewValue=
2024-12-30 15:24:31.7895 | INFO | Microsoft.Hosting.Lifetime | TableName=, ActionType=, ChangedBy=, OldValue=, NewValue=
2024-12-30 15:24:31.7895 | INFO | Microsoft.Hosting.Lifetime | TableName=, ActionType=, ChangedBy=, OldValue=, NewValue=
2024-12-30 15:24:31.7895 | INFO | Microsoft.Hosting.Lifetime | TableName=, ActionType=, ChangedBy=, OldValue=, NewValue=
2024-12-30 15:24:31.8013 | INFO | Microsoft.AspNetCore.Hosting.Diagnostics | TableName=, ActionType=, ChangedBy=, OldValue=, NewValue=
2024-12-30 15:24:32.5734 | INFO | Microsoft.EntityFrameworkCore.Database.Command | TableName=, ActionType=, ChangedBy=, OldValue=, NewValue=
2024-12-30 15:24:32.6097 | INFO | Microsoft.AspNetCore.Routing.EndpointMiddleware | TableName=, ActionType=, ChangedBy=, OldValue=, NewValue=
2024-12-30 15:24:32.6233 | INFO | Microsoft.AspNetCore.Mvc.Infrastructure.ControllerActionInvoker | TableName=, ActionType=, ChangedBy=, OldValue=, NewValue=
2024-12-30 15:24:32.7027 | INFO | Microsoft.EntityFrameworkCore.Database.Command | TableName=, ActionType=, ChangedBy=, OldValue=, NewValue=
2024-12-30 15:24:32.7186 | INFO | Microsoft.AspNetCore.Mvc.ViewFeatures.ViewResultExecutor | TableName=, ActionType=, ChangedBy=, OldValue=, NewValue=
2024-12-30 15:24:32.7921 | INFO | Microsoft.EntityFrameworkCore.Database.Command | TableName=, ActionType=, ChangedBy=, OldValue=, NewValue=
2024-12-30 15:24:32.8262 | INFO | Microsoft.EntityFrameworkCore.Database.Command | TableName=, ActionType=, ChangedBy=, OldValue=, NewValue=
2024-12-30 15:24:32.8457 | INFO | Microsoft.AspNetCore.Mvc.ViewFeatures.ViewResultExecutor | TableName=, ActionType=, ChangedBy=, OldValue=, NewValue=
2024-12-30 15:24:32.8457 | INFO | Microsoft.AspNetCore.Mvc.Infrastructure.ControllerActionInvoker | TableName=, ActionType=, ChangedBy=, OldValue=, NewValue=
2024-12-30 15:24:32.8457 | INFO | Microsoft.AspNetCore.Routing.EndpointMiddleware | TableName=, ActionType=, ChangedBy=, OldValue=, NewValue=
2024-12-30 15:24:32.8457 | INFO | Microsoft.AspNetCore.Hosting.Diagnostics | TableName=, ActionType=, ChangedBy=, OldValue=, NewValue=
2024-12-30 15:24:32.8583 | INFO | Microsoft.AspNetCore.Hosting.Diagnostics | TableName=, ActionType=, ChangedBy=, OldValue=, NewValue=
2024-12-30 15:24:32.8583 | INFO | Microsoft.AspNetCore.Hosting.Diagnostics | TableName=, ActionType=, ChangedBy=, OldValue=, NewValue=
2024-12-30 15:24:32.8583 | INFO | Microsoft.AspNetCore.Hosting.Diagnostics | TableName=, ActionType=, ChangedBy=, OldValue=, NewValue=
2024-12-30 15:24:32.8583 | INFO | Microsoft.AspNetCore.Hosting.Diagnostics | TableName=, ActionType=, ChangedBy=, OldValue=, NewValue=
2024-12-30 15:24:32.8583 | INFO | Microsoft.EntityFrameworkCore.Database.Command | TableName=, ActionType=, ChangedBy=, OldValue=, NewValue=
2024-12-30 15:24:32.8734 | INFO | Microsoft.AspNetCore.Hosting.Diagnostics | TableName=, ActionType=, ChangedBy=, OldValue=, NewValue=
2024-12-30 15:24:32.8734 | INFO | Microsoft.AspNetCore.Hosting.Diagnostics | TableName=, ActionType=, ChangedBy=, OldValue=, NewValue=
2024-12-30 15:24:32.8734 | INFO | Microsoft.AspNetCore.Hosting.Diagnostics | TableName=, ActionType=, ChangedBy=, OldValue=, NewValue=
2024-12-30 15:24:32.8734 | INFO | Microsoft.AspNetCore.Hosting.Diagnostics | TableName=, ActionType=, ChangedBy=, OldValue=, NewValue=
2024-12-30 15:24:32.8734 | INFO | Microsoft.AspNetCore.Hosting.Diagnostics | TableName=, ActionType=, ChangedBy=, OldValue=, NewValue=
2024-12-30 15:24:32.8734 | INFO | Microsoft.AspNetCore.Hosting.Diagnostics | TableName=, ActionType=, ChangedBy=, OldValue=, NewValue=
2024-12-30 15:24:32.9231 | INFO | Microsoft.EntityFrameworkCore.Database.Command | TableName=, ActionType=, ChangedBy=, OldValue=, NewValue=
2024-12-30 15:24:32.9231 | INFO | Microsoft.AspNetCore.Routing.EndpointMiddleware | TableName=, ActionType=, ChangedBy=, OldValue=, NewValue=
2024-12-30 15:24:32.9231 | INFO | Microsoft.AspNetCore.Mvc.Infrastructure.ControllerActionInvoker | TableName=, ActionType=, ChangedBy=, OldValue=, NewValue=
2024-12-30 15:24:32.9383 | INFO | Microsoft.EntityFrameworkCore.Database.Command | TableName=, ActionType=, ChangedBy=, OldValue=, NewValue=
2024-12-30 15:24:32.9383 | INFO | Microsoft.AspNetCore.Mvc.Infrastructure.ObjectResultExecutor | TableName=, ActionType=, ChangedBy=, OldValue=, NewValue=
2024-12-30 15:24:32.9609 | INFO | Microsoft.EntityFrameworkCore.Database.Command | TableName=, ActionType=, ChangedBy=, OldValue=, NewValue=
2024-12-30 15:24:32.9609 | INFO | Microsoft.EntityFrameworkCore.Database.Command | TableName=, ActionType=, ChangedBy=, OldValue=, NewValue=
2024-12-30 15:24:32.9609 | INFO | Microsoft.AspNetCore.Routing.EndpointMiddleware | TableName=, ActionType=, ChangedBy=, OldValue=, NewValue=
2024-12-30 15:24:32.9609 | INFO | Microsoft.AspNetCore.Routing.EndpointMiddleware | TableName=, ActionType=, ChangedBy=, OldValue=, NewValue=
2024-12-30 15:24:32.9609 | INFO | Microsoft.AspNetCore.Mvc.Infrastructure.ControllerActionInvoker | TableName=, ActionType=, ChangedBy=, OldValue=, NewValue=
2024-12-30 15:24:32.9609 | INFO | Microsoft.AspNetCore.Routing.EndpointMiddleware | TableName=, ActionType=, ChangedBy=, OldValue=, NewValue=
2024-12-30 15:24:32.9609 | INFO | Microsoft.AspNetCore.Mvc.Infrastructure.ControllerActionInvoker | TableName=, ActionType=, ChangedBy=, OldValue=, NewValue=
2024-12-30 15:24:32.9609 | INFO | Microsoft.AspNetCore.Mvc.Infrastructure.ControllerActionInvoker | TableName=, ActionType=, ChangedBy=, OldValue=, NewValue=
2024-12-30 15:24:32.9609 | INFO | Microsoft.AspNetCore.Hosting.Diagnostics | TableName=, ActionType=, ChangedBy=, OldValue=, NewValue=
2024-12-30 15:24:32.9674 | INFO | Microsoft.EntityFrameworkCore.Database.Command | TableName=, ActionType=, ChangedBy=, OldValue=, NewValue=
2024-12-30 15:24:32.9674 | INFO | Microsoft.AspNetCore.Mvc.Infrastructure.ObjectResultExecutor | TableName=, ActionType=, ChangedBy=, OldValue=, NewValue=
2024-12-30 15:24:32.9674 | INFO | Microsoft.EntityFrameworkCore.Database.Command | TableName=, ActionType=, ChangedBy=, OldValue=, NewValue=
2024-12-30 15:24:32.9674 | INFO | Microsoft.AspNetCore.Mvc.Infrastructure.ObjectResultExecutor | TableName=, ActionType=, ChangedBy=, OldValue=, NewValue=
2024-12-30 15:24:32.9674 | INFO | Microsoft.AspNetCore.Mvc.Infrastructure.ControllerActionInvoker | TableName=, ActionType=, ChangedBy=, OldValue=, NewValue=
2024-12-30 15:24:32.9674 | INFO | Microsoft.AspNetCore.Routing.EndpointMiddleware | TableName=, ActionType=, ChangedBy=, OldValue=, NewValue=
2024-12-30 15:24:32.9674 | INFO | Microsoft.AspNetCore.Hosting.Diagnostics | TableName=, ActionType=, ChangedBy=, OldValue=, NewValue=
2024-12-30 15:24:32.9674 | INFO | Microsoft.AspNetCore.Mvc.Infrastructure.ControllerActionInvoker | TableName=, ActionType=, ChangedBy=, OldValue=, NewValue=
2024-12-30 15:24:32.9674 | INFO | Microsoft.AspNetCore.Routing.EndpointMiddleware | TableName=, ActionType=, ChangedBy=, OldValue=, NewValue=
2024-12-30 15:24:32.9674 | INFO | Microsoft.AspNetCore.Hosting.Diagnostics | TableName=, ActionType=, ChangedBy=, OldValue=, NewValue=
2024-12-30 15:24:34.4115 | INFO | Microsoft.AspNetCore.Hosting.Diagnostics | TableName=, ActionType=, ChangedBy=, OldValue=, NewValue=
2024-12-30 15:24:34.4231 | INFO | Microsoft.EntityFrameworkCore.Database.Command | TableName=, ActionType=, ChangedBy=, OldValue=, NewValue=
2024-12-30 15:24:34.4231 | INFO | Microsoft.AspNetCore.Routing.EndpointMiddleware | TableName=, ActionType=, ChangedBy=, OldValue=, NewValue=
2024-12-30 15:24:34.4231 | INFO | Microsoft.AspNetCore.Mvc.Infrastructure.ControllerActionInvoker | TableName=, ActionType=, ChangedBy=, OldValue=, NewValue=
2024-12-30 15:24:34.4231 | INFO | admin_sweetsoft_tech_support.Controllers.AdminController | TableName=, ActionType=, ChangedBy=, OldValue=, NewValue=
2024-12-30 15:24:34.4231 | INFO | Microsoft.AspNetCore.Authentication.Cookies.CookieAuthenticationHandler | TableName=, ActionType=, ChangedBy=, OldValue=, NewValue=
2024-12-30 15:24:34.4231 | INFO | Microsoft.AspNetCore.Mvc.RedirectToActionResult | TableName=, ActionType=, ChangedBy=, OldValue=, NewValue=
2024-12-30 15:24:34.4231 | INFO | Microsoft.AspNetCore.Mvc.Infrastructure.ControllerActionInvoker | TableName=, ActionType=, ChangedBy=, OldValue=, NewValue=
2024-12-30 15:24:34.4231 | INFO | Microsoft.AspNetCore.Routing.EndpointMiddleware | TableName=, ActionType=, ChangedBy=, OldValue=, NewValue=
2024-12-30 15:24:34.4231 | INFO | Microsoft.AspNetCore.Hosting.Diagnostics | TableName=, ActionType=, ChangedBy=, OldValue=, NewValue=
2024-12-30 15:24:34.4374 | INFO | Microsoft.AspNetCore.Hosting.Diagnostics | TableName=, ActionType=, ChangedBy=, OldValue=, NewValue=
2024-12-30 15:24:34.4374 | INFO | Microsoft.AspNetCore.Routing.EndpointMiddleware | TableName=, ActionType=, ChangedBy=, OldValue=, NewValue=
2024-12-30 15:24:34.4374 | INFO | Microsoft.AspNetCore.Mvc.Infrastructure.ControllerActionInvoker | TableName=, ActionType=, ChangedBy=, OldValue=, NewValue=
2024-12-30 15:24:34.4374 | INFO | Microsoft.AspNetCore.Mvc.ViewFeatures.ViewResultExecutor | TableName=, ActionType=, ChangedBy=, OldValue=, NewValue=
2024-12-30 15:24:34.4556 | INFO | Microsoft.AspNetCore.Mvc.ViewFeatures.ViewResultExecutor | TableName=, ActionType=, ChangedBy=, OldValue=, NewValue=
2024-12-30 15:24:34.4556 | INFO | Microsoft.AspNetCore.Mvc.Infrastructure.ControllerActionInvoker | TableName=, ActionType=, ChangedBy=, OldValue=, NewValue=
2024-12-30 15:24:34.4556 | INFO | Microsoft.AspNetCore.Routing.EndpointMiddleware | TableName=, ActionType=, ChangedBy=, OldValue=, NewValue=
2024-12-30 15:24:34.4556 | WARN | Microsoft.WebTools.BrowserLink.Net.BrowserLinkMiddleware | TableName=, ActionType=, ChangedBy=, OldValue=, NewValue=
2024-12-30 15:24:34.4556 | WARN | Microsoft.AspNetCore.Watch.BrowserRefresh.BrowserRefreshMiddleware | TableName=, ActionType=, ChangedBy=, OldValue=, NewValue=
2024-12-30 15:24:34.4556 | INFO | Microsoft.AspNetCore.Hosting.Diagnostics | TableName=, ActionType=, ChangedBy=, OldValue=, NewValue=
